10082498	CPR:4	Arg1:T19	Arg2:T32
10082498	CPR:4	Arg1:T20	Arg2:T32
10082498	CPR:4	Arg1:T4	Arg2:T24
10082498	CPR:4	Arg1:T6	Arg2:T24
10082498	CPR:4	Arg1:T7	Arg2:T24
10226872	CPR:5	Arg1:T15	Arg2:T27
10226872	CPR:5	Arg1:T16	Arg2:T29
10362188	CPR:4	Arg1:T12	Arg2:T22
10362188	CPR:4	Arg1:T7	Arg2:T19
10373224	CPR:4	Arg1:T12	Arg2:T30
10373224	CPR:4	Arg1:T15	Arg2:T32
10373224	CPR:4	Arg1:T15	Arg2:T33
10373224	CPR:4	Arg1:T1	Arg2:T31
10373224	CPR:4	Arg1:T24	Arg2:T31
10373224	CPR:4	Arg1:T3	Arg2:T31
10373224	CPR:4	Arg1:T6	Arg2:T29
10373224	CPR:4	Arg1:T8	Arg2:T31
10373224	CPR:4	Arg1:T9	Arg2:T31
10381787	CPR:4	Arg1:T11	Arg2:T21
10381787	CPR:4	Arg1:T11	Arg2:T22
10381787	CPR:4	Arg1:T2	Arg2:T13
10381787	CPR:4	Arg1:T2	Arg2:T14
10381787	CPR:4	Arg1:T3	Arg2:T15
10381787	CPR:4	Arg1:T3	Arg2:T16
10381787	CPR:4	Arg1:T5	Arg2:T17
10381787	CPR:4	Arg1:T5	Arg2:T18
10381787	CPR:9	Arg1:T8	Arg2:T19
10381787	CPR:9	Arg1:T9	Arg2:T20
10432475	CPR:6	Arg1:T27	Arg2:T52
10432475	CPR:6	Arg1:T28	Arg2:T53
10432475	CPR:6	Arg1:T35	Arg2:T55
10432475	CPR:6	Arg1:T39	Arg2:T57
10439935	CPR:4	Arg1:T5	Arg2:T26
10439935	CPR:4	Arg1:T5	Arg2:T28
10460702	CPR:3	Arg1:T13	Arg2:T39
10460702	CPR:3	Arg1:T22	Arg2:T44
10460702	CPR:3	Arg1:T5	Arg2:T31
10460702	CPR:5	Arg1:T17	Arg2:T40
10460702	CPR:6	Arg1:T1	Arg2:T24
10460702	CPR:6	Arg1:T21	Arg2:T42
10460702	CPR:6	Arg1:T21	Arg2:T43
10460702	CPR:6	Arg1:T2	Arg2:T24
10460702	CPR:6	Arg1:T3	Arg2:T24
10460702	CPR:6	Arg1:T4	Arg2:T24
10460702	CPR:9	Arg1:T11	Arg2:T37
10460702	CPR:9	Arg1:T12	Arg2:T37
10460702	CPR:9	Arg1:T14	Arg2:T39
10460702	CPR:9	Arg1:T15	Arg2:T39
10460702	CPR:9	Arg1:T16	Arg2:T39
10460702	CPR:9	Arg1:T19	Arg2:T32
10460702	CPR:9	Arg1:T19	Arg2:T38
10460702	CPR:9	Arg1:T20	Arg2:T32
10460702	CPR:9	Arg1:T20	Arg2:T38
10531013	CPR:4	Arg1:T1	Arg2:T7
10531013	CPR:4	Arg1:T1	Arg2:T8
10531013	CPR:4	Arg1:T2	Arg2:T9
10531013	CPR:4	Arg1:T5	Arg2:T10
10531013	CPR:4	Arg1:T5	Arg2:T11
10531013	CPR:4	Arg1:T5	Arg2:T12
10531013	CPR:4	Arg1:T6	Arg2:T13
10531013	CPR:4	Arg1:T6	Arg2:T14
10546982	CPR:4	Arg1:T2	Arg2:T12
10546982	CPR:4	Arg1:T3	Arg2:T13
10546982	CPR:4	Arg1:T5	Arg2:T14
10546982	CPR:9	Arg1:T1	Arg2:T11
10579749	CPR:6	Arg1:T10	Arg2:T34
10579749	CPR:6	Arg1:T11	Arg2:T34
10579749	CPR:6	Arg1:T12	Arg2:T34
10579749	CPR:6	Arg1:T13	Arg2:T34
10579749	CPR:6	Arg1:T14	Arg2:T34
10579749	CPR:6	Arg1:T15	Arg2:T34
10579749	CPR:6	Arg1:T1	Arg2:T44
10579749	CPR:6	Arg1:T20	Arg2:T42
10579749	CPR:6	Arg1:T2	Arg2:T44
10579749	CPR:6	Arg1:T30	Arg2:T44
10579749	CPR:6	Arg1:T31	Arg2:T44
10579749	CPR:6	Arg1:T32	Arg2:T44
10579749	CPR:6	Arg1:T3	Arg2:T44
10579749	CPR:6	Arg1:T4	Arg2:T44
10579749	CPR:6	Arg1:T5	Arg2:T44
10579749	CPR:6	Arg1:T6	Arg2:T34
10579749	CPR:6	Arg1:T7	Arg2:T34
10579749	CPR:6	Arg1:T8	Arg2:T34
10579749	CPR:6	Arg1:T9	Arg2:T34
10683249	CPR:4	Arg1:T16	Arg2:T35
10683249	CPR:9	Arg1:T11	Arg2:T29
10683249	CPR:9	Arg1:T14	Arg2:T33
10683249	CPR:9	Arg1:T15	Arg2:T33
10683249	CPR:9	Arg1:T2	Arg2:T19
10688973	CPR:5	Arg1:T10	Arg2:T36
10688973	CPR:5	Arg1:T11	Arg2:T35
10688973	CPR:5	Arg1:T11	Arg2:T36
10688973	CPR:5	Arg1:T1	Arg2:T15
10688973	CPR:5	Arg1:T2	Arg2:T19
10688973	CPR:5	Arg1:T5	Arg2:T32
10688973	CPR:5	Arg1:T6	Arg2:T33
10688973	CPR:5	Arg1:T8	Arg2:T36
10688973	CPR:5	Arg1:T9	Arg2:T36
10688973	CPR:6	Arg1:T12	Arg2:T14
10688973	CPR:6	Arg1:T12	Arg2:T37
10688973	CPR:6	Arg1:T2	Arg2:T16
10697523	CPR:4	Arg1:T12	Arg2:T23
10697523	CPR:4	Arg1:T12	Arg2:T24
10697523	CPR:4	Arg1:T13	Arg2:T23
10697523	CPR:4	Arg1:T13	Arg2:T24
10697523	CPR:4	Arg1:T4	Arg2:T21
10697523	CPR:9	Arg1:T2	Arg2:T20
10697523	CPR:9	Arg1:T2	Arg2:T22
10698696	CPR:9	Arg1:T2	Arg2:T13
10698696	CPR:9	Arg1:T2	Arg2:T6
10698696	CPR:9	Arg1:T3	Arg2:T13
10698696	CPR:9	Arg1:T3	Arg2:T6
10698696	CPR:9	Arg1:T4	Arg2:T13
10698696	CPR:9	Arg1:T4	Arg2:T6
10742288	CPR:5	Arg1:T2	Arg2:T22
10742288	CPR:5	Arg1:T3	Arg2:T22
10742288	CPR:5	Arg1:T4	Arg2:T22
10742288	CPR:5	Arg1:T5	Arg2:T22
10742288	CPR:5	Arg1:T6	Arg2:T22
10796070	CPR:3	Arg1:T10	Arg2:T18
10796070	CPR:6	Arg1:T2	Arg2:T11
10796070	CPR:6	Arg1:T3	Arg2:T11
10839333	CPR:3	Arg1:T7	Arg2:T20
10887187	CPR:4	Arg1:T7	Arg2:T23
10887187	CPR:4	Arg1:T8	Arg2:T23
10887187	CPR:4	Arg1:T9	Arg2:T23
10917903	CPR:4	Arg1:T21	Arg2:T32
10917903	CPR:4	Arg1:T22	Arg2:T32
10931813	CPR:3	Arg1:T7	Arg2:T21
10931813	CPR:4	Arg1:T10	Arg2:T22
10931813	CPR:4	Arg1:T10	Arg2:T23
10931813	CPR:4	Arg1:T8	Arg2:T22
10931813	CPR:4	Arg1:T8	Arg2:T23
10933891	CPR:3	Arg1:T12	Arg2:T30
10933891	CPR:3	Arg1:T12	Arg2:T31
10933891	CPR:3	Arg1:T12	Arg2:T32
10933891	CPR:3	Arg1:T13	Arg2:T30
10933891	CPR:3	Arg1:T13	Arg2:T31
10933891	CPR:3	Arg1:T13	Arg2:T32
10933891	CPR:3	Arg1:T1	Arg2:T15
10933891	CPR:3	Arg1:T2	Arg2:T15
10933891	CPR:3	Arg1:T3	Arg2:T17
10933891	CPR:3	Arg1:T4	Arg2:T17
10933891	CPR:3	Arg1:T9	Arg2:T23
10933891	CPR:9	Arg1:T10	Arg2:T14
10933891	CPR:9	Arg1:T10	Arg2:T18
10939639	CPR:3	Arg1:T11	Arg2:T19
10939639	CPR:3	Arg1:T12	Arg2:T20
10939639	CPR:3	Arg1:T9	Arg2:T17
10939639	CPR:4	Arg1:T2	Arg2:T14
10942908	CPR:3	Arg1:T3	Arg2:T17
10942908	CPR:3	Arg1:T4	Arg2:T17
10942908	CPR:4	Arg1:T12	Arg2:T19
10942908	CPR:4	Arg1:T12	Arg2:T20
10942908	CPR:4	Arg1:T13	Arg2:T21
10942908	CPR:4	Arg1:T1	Arg2:T16
11056242	CPR:4	Arg1:T2	Arg2:T9
11056242	CPR:4	Arg1:T3	Arg2:T9
11056242	CPR:4	Arg1:T4	Arg2:T9
11056242	CPR:5	Arg1:T6	Arg2:T15
11146120	CPR:3	Arg1:T11	Arg2:T30
11146120	CPR:3	Arg1:T13	Arg2:T32
11146120	CPR:3	Arg1:T3	Arg2:T21
11146120	CPR:3	Arg1:T3	Arg2:T23
11146120	CPR:3	Arg1:T4	Arg2:T21
11146120	CPR:3	Arg1:T4	Arg2:T23
11146120	CPR:3	Arg1:T6	Arg2:T26
11146120	CPR:3	Arg1:T7	Arg2:T26
11146120	CPR:3	Arg1:T8	Arg2:T27
11146120	CPR:4	Arg1:T5	Arg2:T26
11146120	CPR:5	Arg1:T7	Arg2:T24
11157886	CPR:4	Arg1:T2	Arg2:T10
11157886	CPR:4	Arg1:T6	Arg2:T17
11157886	CPR:4	Arg1:T6	Arg2:T18
11157886	CPR:4	Arg1:T8	Arg2:T21
11243491	CPR:5	Arg1:T25	Arg2:T34
11243491	CPR:5	Arg1:T26	Arg2:T35
11252887	CPR:4	Arg1:T1	Arg2:T12
11252887	CPR:4	Arg1:T1	Arg2:T13
11252887	CPR:4	Arg1:T1	Arg2:T14
11252887	CPR:4	Arg1:T4	Arg2:T12
11252887	CPR:4	Arg1:T4	Arg2:T13
11252887	CPR:4	Arg1:T4	Arg2:T14
11252887	CPR:4	Arg1:T6	Arg2:T12
11252887	CPR:4	Arg1:T6	Arg2:T13
11252887	CPR:4	Arg1:T6	Arg2:T14
11304699	CPR:3	Arg1:T1	Arg2:T17
11304699	CPR:3	Arg1:T1	Arg2:T18
11309392	CPR:4	Arg1:T1	Arg2:T12
11309392	CPR:9	Arg1:T7	Arg2:T26
11309392	CPR:9	Arg1:T7	Arg2:T27
11309392	CPR:9	Arg1:T8	Arg2:T26
11309392	CPR:9	Arg1:T8	Arg2:T27
11318430	CPR:4	Arg1:T1	Arg2:T10
11318430	CPR:4	Arg1:T1	Arg2:T9
11318430	CPR:4	Arg1:T3	Arg2:T10
11318430	CPR:4	Arg1:T3	Arg2:T9
11392054	CPR:9	Arg1:T24	Arg2:T25
11392054	CPR:9	Arg1:T24	Arg2:T31
11393267	CPR:3	Arg1:T6	Arg2:T18
11393267	CPR:3	Arg1:T7	Arg2:T17
11393267	CPR:4	Arg1:T1	Arg2:T11
11393267	CPR:4	Arg1:T8	Arg2:T17
11481271	CPR:5	Arg1:T13	Arg2:T26
11481271	CPR:5	Arg1:T14	Arg2:T26
11481271	CPR:5	Arg1:T15	Arg2:T26
11481271	CPR:5	Arg1:T16	Arg2:T29
11481271	CPR:5	Arg1:T17	Arg2:T29
11481271	CPR:5	Arg1:T18	Arg2:T29
11481271	CPR:5	Arg1:T1	Arg2:T38
11481271	CPR:5	Arg1:T2	Arg2:T38
11481271	CPR:5	Arg1:T3	Arg2:T38
11481271	CPR:6	Arg1:T10	Arg2:T24
11481271	CPR:6	Arg1:T11	Arg2:T24
11481271	CPR:6	Arg1:T12	Arg2:T24
11481271	CPR:6	Arg1:T20	Arg2:T33
11481271	CPR:6	Arg1:T21	Arg2:T34
11481271	CPR:6	Arg1:T21	Arg2:T35
11481271	CPR:6	Arg1:T22	Arg2:T36
11481271	CPR:6	Arg1:T22	Arg2:T37
11742712	CPR:4	Arg1:T1	Arg2:T14
11742712	CPR:4	Arg1:T1	Arg2:T15
11742712	CPR:4	Arg1:T1	Arg2:T16
11742712	CPR:4	Arg1:T6	Arg2:T14
11742712	CPR:4	Arg1:T6	Arg2:T15
11742712	CPR:4	Arg1:T6	Arg2:T16
11752472	CPR:9	Arg1:T19	Arg2:T34
11772142	CPR:4	Arg1:T18	Arg2:T31
11772142	CPR:4	Arg1:T7	Arg2:T33
11799102	CPR:3	Arg1:T4	Arg2:T34
11799102	CPR:4	Arg1:T11	Arg2:T37
11799102	CPR:4	Arg1:T11	Arg2:T38
11799102	CPR:4	Arg1:T14	Arg2:T39
11799102	CPR:4	Arg1:T14	Arg2:T40
11799102	CPR:4	Arg1:T16	Arg2:T42
11799102	CPR:4	Arg1:T17	Arg2:T42
11799102	CPR:4	Arg1:T18	Arg2:T42
11799102	CPR:4	Arg1:T26	Arg2:T44
11799102	CPR:4	Arg1:T26	Arg2:T45
11799102	CPR:4	Arg1:T26	Arg2:T46
11799102	CPR:4	Arg1:T29	Arg2:T47
11799102	CPR:4	Arg1:T29	Arg2:T48
11799102	CPR:4	Arg1:T30	Arg2:T47
11799102	CPR:4	Arg1:T30	Arg2:T48
11799102	CPR:4	Arg1:T3	Arg2:T32
11799102	CPR:6	Arg1:T14	Arg2:T41
11893059	CPR:4	Arg1:T1	Arg2:T7
11893059	CPR:4	Arg1:T2	Arg2:T7
11893059	CPR:4	Arg1:T3	Arg2:T8
12046682	CPR:4	Arg1:T1	Arg2:T4
12063741	CPR:4	Arg1:T1	Arg2:T11
12063741	CPR:4	Arg1:T2	Arg2:T11
12080538	CPR:4	Arg1:T14	Arg2:T23
12080538	CPR:4	Arg1:T18	Arg2:T19
12082550	CPR:4	Arg1:T16	Arg2:T29
12137927	CPR:4	Arg1:T11	Arg2:T26
12137927	CPR:4	Arg1:T11	Arg2:T27
12170059	CPR:5	Arg1:T15	Arg2:T33
12170059	CPR:5	Arg1:T16	Arg2:T33
12180353	CPR:3	Arg1:T15	Arg2:T22
12180353	CPR:9	Arg1:T3	Arg2:T18
12181427	CPR:4	Arg1:T10	Arg2:T15
12181427	CPR:4	Arg1:T10	Arg2:T29
12181427	CPR:4	Arg1:T10	Arg2:T30
12181427	CPR:4	Arg1:T10	Arg2:T31
12181427	CPR:4	Arg1:T11	Arg2:T15
12181427	CPR:4	Arg1:T11	Arg2:T29
12181427	CPR:4	Arg1:T11	Arg2:T30
12181427	CPR:4	Arg1:T11	Arg2:T31
12181427	CPR:4	Arg1:T1	Arg2:T16
12181427	CPR:4	Arg1:T2	Arg2:T16
12181427	CPR:4	Arg1:T4	Arg2:T18
12181427	CPR:4	Arg1:T4	Arg2:T19
12181427	CPR:4	Arg1:T6	Arg2:T23
12181427	CPR:4	Arg1:T7	Arg2:T23
12181427	CPR:4	Arg1:T8	Arg2:T24
12181427	CPR:4	Arg1:T8	Arg2:T25
12181427	CPR:4	Arg1:T8	Arg2:T26
12181427	CPR:4	Arg1:T8	Arg2:T27
12181427	CPR:4	Arg1:T9	Arg2:T28
12217700	CPR:9	Arg1:T13	Arg2:T27
12217700	CPR:9	Arg1:T13	Arg2:T33
12217700	CPR:9	Arg1:T14	Arg2:T27
12217700	CPR:9	Arg1:T14	Arg2:T33
12383039	CPR:4	Arg1:T2	Arg2:T8
12409268	CPR:9	Arg1:T7	Arg2:T22
12409268	CPR:9	Arg1:T7	Arg2:T23
12409268	CPR:9	Arg1:T7	Arg2:T24
12409268	CPR:9	Arg1:T8	Arg2:T22
12409268	CPR:9	Arg1:T8	Arg2:T23
12409268	CPR:9	Arg1:T8	Arg2:T24
12445705	CPR:4	Arg1:T27	Arg2:T59
12445705	CPR:4	Arg1:T27	Arg2:T60
12445705	CPR:4	Arg1:T28	Arg2:T59
12445705	CPR:4	Arg1:T28	Arg2:T60
12445705	CPR:4	Arg1:T29	Arg2:T59
12445705	CPR:4	Arg1:T29	Arg2:T60
12445705	CPR:5	Arg1:T22	Arg2:T56
12445705	CPR:5	Arg1:T27	Arg2:T57
12445705	CPR:5	Arg1:T28	Arg2:T57
12445705	CPR:6	Arg1:T29	Arg2:T58
12545144	CPR:3	Arg1:T8	Arg2:T15
12545144	CPR:3	Arg1:T8	Arg2:T16
12545144	CPR:3	Arg1:T8	Arg2:T17
12588370	CPR:4	Arg1:T3	Arg2:T12
12588370	CPR:4	Arg1:T4	Arg2:T16
12657913	CPR:4	Arg1:T16	Arg2:T28
12657913	CPR:4	Arg1:T19	Arg2:T28
12657913	CPR:4	Arg1:T5	Arg2:T30
12657913	CPR:4	Arg1:T6	Arg2:T30
12657913	CPR:6	Arg1:T16	Arg2:T29
12657913	CPR:6	Arg1:T19	Arg2:T29
12657913	CPR:6	Arg1:T26	Arg2:T31
12657913	CPR:6	Arg1:T27	Arg2:T31
12657913	CPR:9	Arg1:T10	Arg2:T30
12657913	CPR:9	Arg1:T9	Arg2:T30
12679340	CPR:4	Arg1:T1	Arg2:T21
1280065	CPR:4	Arg1:T1	Arg2:T14
1280065	CPR:4	Arg1:T1	Arg2:T15
1280065	CPR:4	Arg1:T2	Arg2:T17
1280065	CPR:4	Arg1:T2	Arg2:T19
12818701	CPR:6	Arg1:T14	Arg2:T28
12818701	CPR:6	Arg1:T15	Arg2:T28
12818701	CPR:6	Arg1:T16	Arg2:T30
12818701	CPR:6	Arg1:T17	Arg2:T31
12818701	CPR:6	Arg1:T18	Arg2:T32
12818701	CPR:6	Arg1:T19	Arg2:T32
12818701	CPR:6	Arg1:T1	Arg2:T32
12818701	CPR:6	Arg1:T2	Arg2:T20
12818701	CPR:6	Arg1:T3	Arg2:T20
12818701	CPR:6	Arg1:T4	Arg2:T21
12818701	CPR:6	Arg1:T5	Arg2:T21
12824918	CPR:4	Arg1:T2	Arg2:T10
12827214	CPR:6	Arg1:T36	Arg2:T46
12827214	CPR:6	Arg1:T37	Arg2:T46
12827214	CPR:6	Arg1:T38	Arg2:T46
12837768	CPR:9	Arg1:T2	Arg2:T16
12837768	CPR:9	Arg1:T5	Arg2:T19
12837768	CPR:9	Arg1:T6	Arg2:T19
1284246	CPR:9	Arg1:T3	Arg2:T17
1284246	CPR:9	Arg1:T3	Arg2:T18
1284246	CPR:9	Arg1:T3	Arg2:T21
1284246	CPR:9	Arg1:T3	Arg2:T23
1284246	CPR:9	Arg1:T3	Arg2:T25
12901032	CPR:4	Arg1:T6	Arg2:T22
12901032	CPR:4	Arg1:T6	Arg2:T23
12901032	CPR:4	Arg1:T7	Arg2:T22
12901032	CPR:4	Arg1:T7	Arg2:T23
12901032	CPR:4	Arg1:T8	Arg2:T22
12901032	CPR:4	Arg1:T8	Arg2:T23
12901032	CPR:4	Arg1:T9	Arg2:T22
12901032	CPR:4	Arg1:T9	Arg2:T23
12927226	CPR:3	Arg1:T11	Arg2:T13
12927226	CPR:4	Arg1:T9	Arg2:T21
12927226	CPR:6	Arg1:T12	Arg2:T24
12927226	CPR:6	Arg1:T3	Arg2:T14
1318989	CPR:5	Arg1:T18	Arg2:T29
1322429	CPR:4	Arg1:T14	Arg2:T33
1322429	CPR:4	Arg1:T18	Arg2:T34
1322429	CPR:4	Arg1:T18	Arg2:T35
1322429	CPR:4	Arg1:T18	Arg2:T36
1322429	CPR:4	Arg1:T18	Arg2:T37
1322429	CPR:4	Arg1:T18	Arg2:T38
1322429	CPR:4	Arg1:T18	Arg2:T39
1322429	CPR:4	Arg1:T1	Arg2:T20
1322429	CPR:4	Arg1:T7	Arg2:T28
1322429	CPR:4	Arg1:T7	Arg2:T29
1329582	CPR:6	Arg1:T5	Arg2:T18
1359745	CPR:4	Arg1:T18	Arg2:T29
1359745	CPR:4	Arg1:T19	Arg2:T30
1359745	CPR:4	Arg1:T20	Arg2:T30
1359745	CPR:9	Arg1:T17	Arg2:T25
1359745	CPR:9	Arg1:T17	Arg2:T26
1359745	CPR:9	Arg1:T21	Arg2:T25
1359745	CPR:9	Arg1:T21	Arg2:T26
14583450	CPR:4	Arg1:T3	Arg2:T26
14583450	CPR:9	Arg1:T2	Arg2:T40
14583450	CPR:9	Arg1:T2	Arg2:T7
14583450	CPR:9	Arg1:T5	Arg2:T40
14583450	CPR:9	Arg1:T5	Arg2:T7
14588118	CPR:3	Arg1:T4	Arg2:T15
14588118	CPR:4	Arg1:T3	Arg2:T14
14588118	CPR:4	Arg1:T4	Arg2:T16
14619588	CPR:3	Arg1:T1	Arg2:T11
14619588	CPR:3	Arg1:T7	Arg2:T15
14757145	CPR:4	Arg1:T5	Arg2:T18
14757145	CPR:5	Arg1:T4	Arg2:T15
14757145	CPR:6	Arg1:T3	Arg2:T14
14757700	CPR:3	Arg1:T14	Arg2:T42
14757700	CPR:3	Arg1:T16	Arg2:T44
14757700	CPR:3	Arg1:T17	Arg2:T46
14757700	CPR:3	Arg1:T18	Arg2:T46
14757700	CPR:3	Arg1:T1	Arg2:T40
14757700	CPR:3	Arg1:T1	Arg2:T51
14757700	CPR:3	Arg1:T1	Arg2:T55
14757700	CPR:3	Arg1:T35	Arg2:T40
14757700	CPR:3	Arg1:T35	Arg2:T51
14757700	CPR:3	Arg1:T35	Arg2:T55
14757700	CPR:3	Arg1:T7	Arg2:T40
14757700	CPR:3	Arg1:T7	Arg2:T51
14757700	CPR:3	Arg1:T7	Arg2:T55
14757700	CPR:4	Arg1:T11	Arg2:T42
14757700	CPR:4	Arg1:T12	Arg2:T42
14757700	CPR:4	Arg1:T13	Arg2:T42
14757700	CPR:5	Arg1:T16	Arg2:T45
14757700	CPR:6	Arg1:T11	Arg2:T41
14757700	CPR:6	Arg1:T12	Arg2:T41
14757700	CPR:6	Arg1:T13	Arg2:T41
15049511	CPR:4	Arg1:T2	Arg2:T20
15049511	CPR:4	Arg1:T2	Arg2:T9
15049511	CPR:4	Arg1:T4	Arg2:T17
15049511	CPR:4	Arg1:T4	Arg2:T18
15049511	CPR:4	Arg1:T4	Arg2:T19
15049511	CPR:4	Arg1:T8	Arg2:T25
15109613	CPR:4	Arg1:T3	Arg2:T10
15180525	CPR:4	Arg1:T10	Arg2:T34
15180525	CPR:4	Arg1:T10	Arg2:T35
15180525	CPR:4	Arg1:T11	Arg2:T34
15180525	CPR:4	Arg1:T11	Arg2:T35
15180525	CPR:4	Arg1:T12	Arg2:T34
15180525	CPR:4	Arg1:T12	Arg2:T35
15180525	CPR:4	Arg1:T13	Arg2:T34
15180525	CPR:4	Arg1:T13	Arg2:T35
15180525	CPR:4	Arg1:T14	Arg2:T34
15180525	CPR:4	Arg1:T14	Arg2:T35
15180525	CPR:4	Arg1:T15	Arg2:T34
15180525	CPR:4	Arg1:T15	Arg2:T35
15180525	CPR:4	Arg1:T16	Arg2:T34
15180525	CPR:4	Arg1:T16	Arg2:T35
15180525	CPR:4	Arg1:T17	Arg2:T34
15180525	CPR:4	Arg1:T17	Arg2:T35
15180525	CPR:4	Arg1:T18	Arg2:T34
15180525	CPR:4	Arg1:T18	Arg2:T35
15180525	CPR:4	Arg1:T19	Arg2:T34
15180525	CPR:4	Arg1:T19	Arg2:T35
15180525	CPR:4	Arg1:T1	Arg2:T28
15180525	CPR:4	Arg1:T1	Arg2:T29
15180525	CPR:4	Arg1:T1	Arg2:T30
15180525	CPR:4	Arg1:T20	Arg2:T34
15180525	CPR:4	Arg1:T20	Arg2:T35
15180525	CPR:4	Arg1:T21	Arg2:T34
15180525	CPR:4	Arg1:T21	Arg2:T35
15180525	CPR:4	Arg1:T2	Arg2:T28
15180525	CPR:4	Arg1:T2	Arg2:T29
15180525	CPR:4	Arg1:T2	Arg2:T30
15180525	CPR:4	Arg1:T3	Arg2:T28
15180525	CPR:4	Arg1:T3	Arg2:T29
15180525	CPR:4	Arg1:T3	Arg2:T30
15180525	CPR:4	Arg1:T4	Arg2:T28
15180525	CPR:4	Arg1:T4	Arg2:T29
15180525	CPR:4	Arg1:T4	Arg2:T30
15180525	CPR:4	Arg1:T9	Arg2:T32
15192023	CPR:3	Arg1:T10	Arg2:T24
15192023	CPR:3	Arg1:T10	Arg2:T25
15192023	CPR:3	Arg1:T10	Arg2:T26
15192023	CPR:3	Arg1:T10	Arg2:T27
15192023	CPR:3	Arg1:T10	Arg2:T28
15192023	CPR:3	Arg1:T10	Arg2:T29
15192023	CPR:3	Arg1:T10	Arg2:T30
15192023	CPR:3	Arg1:T11	Arg2:T32
15192023	CPR:3	Arg1:T12	Arg2:T15
15192023	CPR:3	Arg1:T12	Arg2:T35
15192023	CPR:3	Arg1:T12	Arg2:T36
15192023	CPR:3	Arg1:T14	Arg2:T38
15192023	CPR:3	Arg1:T14	Arg2:T39
15192023	CPR:3	Arg1:T2	Arg2:T16
15192023	CPR:4	Arg1:T11	Arg2:T31
15192023	CPR:4	Arg1:T11	Arg2:T34
15192023	CPR:4	Arg1:T14	Arg2:T37
15192023	CPR:4	Arg1:T2	Arg2:T17
15198222	CPR:4	Arg1:T13	Arg2:T17
15198222	CPR:4	Arg1:T13	Arg2:T18
15198222	CPR:4	Arg1:T14	Arg2:T17
15198222	CPR:4	Arg1:T14	Arg2:T18
15198222	CPR:4	Arg1:T15	Arg2:T17
15198222	CPR:4	Arg1:T15	Arg2:T18
15198222	CPR:4	Arg1:T16	Arg2:T17
15198222	CPR:4	Arg1:T16	Arg2:T18
15198222	CPR:4	Arg1:T1	Arg2:T17
15198222	CPR:4	Arg1:T1	Arg2:T18
15198222	CPR:4	Arg1:T2	Arg2:T22
15198222	CPR:4	Arg1:T3	Arg2:T22
15198222	CPR:4	Arg1:T4	Arg2:T22
15198222	CPR:4	Arg1:T5	Arg2:T23
15198222	CPR:4	Arg1:T6	Arg2:T23
15292070	CPR:4	Arg1:T1	Arg2:T2
15325927	CPR:4	Arg1:T1	Arg2:T8
15325927	CPR:4	Arg1:T6	Arg2:T11
15325927	CPR:4	Arg1:T6	Arg2:T12
1543672	CPR:4	Arg1:T15	Arg2:T23
1543672	CPR:4	Arg1:T18	Arg2:T25
1543672	CPR:4	Arg1:T1	Arg2:T20
1543672	CPR:4	Arg1:T2	Arg2:T24
1543672	CPR:4	Arg1:T7	Arg2:T20
15474503	CPR:3	Arg1:T11	Arg2:T34
15474503	CPR:3	Arg1:T12	Arg2:T34
15474503	CPR:3	Arg1:T13	Arg2:T36
15474503	CPR:3	Arg1:T15	Arg2:T40
15474503	CPR:3	Arg1:T1	Arg2:T17
15474503	CPR:3	Arg1:T1	Arg2:T18
15474503	CPR:3	Arg1:T1	Arg2:T22
15474503	CPR:3	Arg1:T1	Arg2:T23
15474503	CPR:3	Arg1:T3	Arg2:T29
15474503	CPR:3	Arg1:T4	Arg2:T29
15474503	CPR:3	Arg1:T5	Arg2:T29
15474503	CPR:3	Arg1:T9	Arg2:T34
15474503	CPR:4	Arg1:T15	Arg2:T38
15474503	CPR:4	Arg1:T15	Arg2:T39
15474503	CPR:4	Arg1:T1	Arg2:T19
15474503	CPR:4	Arg1:T1	Arg2:T20
15474503	CPR:4	Arg1:T6	Arg2:T31
15557593	CPR:4	Arg1:T5	Arg2:T17
15557593	CPR:4	Arg1:T5	Arg2:T18
15557593	CPR:4	Arg1:T5	Arg2:T19
15557593	CPR:4	Arg1:T6	Arg2:T17
15557593	CPR:4	Arg1:T6	Arg2:T18
15557593	CPR:4	Arg1:T6	Arg2:T19
15557593	CPR:4	Arg1:T7	Arg2:T8
15563928	CPR:4	Arg1:T5	Arg2:T16
15563928	CPR:4	Arg1:T9	Arg2:T25
15629255	CPR:6	Arg1:T10	Arg2:T23
15629255	CPR:6	Arg1:T10	Arg2:T24
15629255	CPR:6	Arg1:T4	Arg2:T17
15646028	CPR:3	Arg1:T3	Arg2:T16
15646028	CPR:3	Arg1:T3	Arg2:T17
15646028	CPR:3	Arg1:T3	Arg2:T18
15665864	CPR:4	Arg1:T2	Arg2:T14
15665864	CPR:4	Arg1:T4	Arg2:T18
15665864	CPR:4	Arg1:T4	Arg2:T19
15671155	CPR:3	Arg1:T6	Arg2:T27
15671155	CPR:3	Arg1:T6	Arg2:T28
15671155	CPR:4	Arg1:T21	Arg2:T35
15671155	CPR:4	Arg1:T22	Arg2:T35
15671155	CPR:9	Arg1:T10	Arg2:T26
15671155	CPR:9	Arg1:T10	Arg2:T29
15671155	CPR:9	Arg1:T10	Arg2:T30
15671155	CPR:9	Arg1:T10	Arg2:T36
15671155	CPR:9	Arg1:T16	Arg2:T26
15671155	CPR:9	Arg1:T16	Arg2:T29
15671155	CPR:9	Arg1:T16	Arg2:T30
15671155	CPR:9	Arg1:T16	Arg2:T36
15671155	CPR:9	Arg1:T18	Arg2:T32
15671155	CPR:9	Arg1:T18	Arg2:T33
15737409	CPR:3	Arg1:T15	Arg2:T31
15737409	CPR:9	Arg1:T17	Arg2:T33
15737409	CPR:9	Arg1:T17	Arg2:T35
15737409	CPR:9	Arg1:T18	Arg2:T33
15737409	CPR:9	Arg1:T18	Arg2:T35
15787205	CPR:4	Arg1:T1	Arg2:T11
15811959	CPR:3	Arg1:T3	Arg2:T8
15811959	CPR:3	Arg1:T4	Arg2:T21
15811959	CPR:3	Arg1:T4	Arg2:T22
15811959	CPR:3	Arg1:T4	Arg2:T23
15837926	CPR:9	Arg1:T2	Arg2:T10
15837926	CPR:9	Arg1:T2	Arg2:T11
15837926	CPR:9	Arg1:T2	Arg2:T12
15837926	CPR:9	Arg1:T3	Arg2:T10
15837926	CPR:9	Arg1:T3	Arg2:T11
15837926	CPR:9	Arg1:T3	Arg2:T12
15837926	CPR:9	Arg1:T4	Arg2:T10
15837926	CPR:9	Arg1:T4	Arg2:T11
15837926	CPR:9	Arg1:T8	Arg2:T21
1600046	CPR:4	Arg1:T11	Arg2:T24
1600046	CPR:4	Arg1:T12	Arg2:T24
1600046	CPR:4	Arg1:T13	Arg2:T24
1600046	CPR:5	Arg1:T11	Arg2:T25
1600046	CPR:5	Arg1:T12	Arg2:T25
1600046	CPR:5	Arg1:T13	Arg2:T25
1600046	CPR:5	Arg1:T14	Arg2:T27
1600046	CPR:5	Arg1:T15	Arg2:T27
1600046	CPR:6	Arg1:T10	Arg2:T23
1600046	CPR:6	Arg1:T14	Arg2:T26
1600046	CPR:6	Arg1:T15	Arg2:T26
1600046	CPR:6	Arg1:T2	Arg2:T19
1600046	CPR:6	Arg1:T6	Arg2:T23
1600046	CPR:6	Arg1:T7	Arg2:T23
1600046	CPR:6	Arg1:T8	Arg2:T23
1600046	CPR:6	Arg1:T9	Arg2:T23
16018973	CPR:3	Arg1:T1	Arg2:T10
16232421	CPR:9	Arg1:T17	Arg2:T33
16232421	CPR:9	Arg1:T17	Arg2:T34
16232421	CPR:9	Arg1:T19	Arg2:T35
16232421	CPR:9	Arg1:T19	Arg2:T36
16232421	CPR:9	Arg1:T20	Arg2:T37
16232421	CPR:9	Arg1:T20	Arg2:T38
16232421	CPR:9	Arg1:T3	Arg2:T28
16232421	CPR:9	Arg1:T4	Arg2:T29
16232421	CPR:9	Arg1:T6	Arg2:T30
16232421	CPR:9	Arg1:T6	Arg2:T31
16232421	CPR:9	Arg1:T6	Arg2:T32
16292755	CPR:3	Arg1:T15	Arg2:T32
16292755	CPR:3	Arg1:T15	Arg2:T33
16292755	CPR:3	Arg1:T15	Arg2:T34
16292755	CPR:3	Arg1:T15	Arg2:T35
16292755	CPR:3	Arg1:T19	Arg2:T37
16292755	CPR:4	Arg1:T10	Arg2:T31
16292755	CPR:4	Arg1:T11	Arg2:T31
16292755	CPR:4	Arg1:T16	Arg2:T36
16292755	CPR:4	Arg1:T17	Arg2:T36
16292755	CPR:4	Arg1:T2	Arg2:T27
16292755	CPR:4	Arg1:T2	Arg2:T28
16292755	CPR:4	Arg1:T4	Arg2:T30
16298345	CPR:6	Arg1:T1	Arg2:T14
16298345	CPR:6	Arg1:T1	Arg2:T15
16298345	CPR:6	Arg1:T2	Arg2:T13
16298345	CPR:6	Arg1:T3	Arg2:T13
16298345	CPR:6	Arg1:T7	Arg2:T22
16316409	CPR:3	Arg1:T7	Arg2:T33
16322797	CPR:3	Arg1:T7	Arg2:T21
16344985	CPR:4	Arg1:T16	Arg2:T31
16344985	CPR:4	Arg1:T18	Arg2:T35
16344985	CPR:4	Arg1:T19	Arg2:T31
16344985	CPR:4	Arg1:T25	Arg2:T36
16344985	CPR:4	Arg1:T6	Arg2:T30
16344985	CPR:9	Arg1:T27	Arg2:T36
16344985	CPR:9	Arg1:T28	Arg2:T36
16359899	CPR:3	Arg1:T1	Arg2:T10
16359899	CPR:3	Arg1:T1	Arg2:T9
16371234	CPR:4	Arg1:T4	Arg2:T24
16371234	CPR:4	Arg1:T5	Arg2:T25
16371234	CPR:9	Arg1:T16	Arg2:T48
16371234	CPR:9	Arg1:T16	Arg2:T49
16371234	CPR:9	Arg1:T6	Arg2:T33
16371234	CPR:9	Arg1:T6	Arg2:T34
16371234	CPR:9	Arg1:T6	Arg2:T35
16425993	CPR:4	Arg1:T3	Arg2:T21
16425993	CPR:4	Arg1:T3	Arg2:T23
16425993	CPR:4	Arg1:T3	Arg2:T24
16425993	CPR:4	Arg1:T4	Arg2:T21
16425993	CPR:4	Arg1:T4	Arg2:T23
16425993	CPR:4	Arg1:T4	Arg2:T24
16425993	CPR:4	Arg1:T5	Arg2:T21
16425993	CPR:4	Arg1:T5	Arg2:T23
16425993	CPR:4	Arg1:T5	Arg2:T24
16425993	CPR:4	Arg1:T6	Arg2:T25
16425993	CPR:4	Arg1:T6	Arg2:T26
16425993	CPR:4	Arg1:T6	Arg2:T27
16425993	CPR:4	Arg1:T6	Arg2:T28
16425993	CPR:4	Arg1:T6	Arg2:T29
16596248	CPR:4	Arg1:T2	Arg2:T9
1665782	CPR:4	Arg1:T6	Arg2:T19
1665782	CPR:5	Arg1:T11	Arg2:T25
1665782	CPR:5	Arg1:T9	Arg2:T25
1666997	CPR:6	Arg1:T14	Arg2:T28
16675639	CPR:4	Arg1:T18	Arg2:T36
16675639	CPR:4	Arg1:T18	Arg2:T37
16675639	CPR:4	Arg1:T18	Arg2:T38
16675639	CPR:4	Arg1:T18	Arg2:T39
16675639	CPR:6	Arg1:T4	Arg2:T35
16675639	CPR:6	Arg1:T5	Arg2:T35
16675639	CPR:9	Arg1:T22	Arg2:T41
16675639	CPR:9	Arg1:T23	Arg2:T42
16763553	CPR:3	Arg1:T14	Arg2:T28
16763553	CPR:3	Arg1:T14	Arg2:T29
16763553	CPR:3	Arg1:T15	Arg2:T28
16763553	CPR:3	Arg1:T15	Arg2:T29
16763553	CPR:9	Arg1:T7	Arg2:T22
16763553	CPR:9	Arg1:T7	Arg2:T23
16763553	CPR:9	Arg1:T8	Arg2:T22
16763553	CPR:9	Arg1:T8	Arg2:T23
16769115	CPR:3	Arg1:T1	Arg2:T11
16775509	CPR:6	Arg1:T5	Arg2:T11
16775509	CPR:6	Arg1:T7	Arg2:T14
16782438	CPR:4	Arg1:T12	Arg2:T25
16782438	CPR:4	Arg1:T12	Arg2:T26
16782438	CPR:4	Arg1:T3	Arg2:T16
16782438	CPR:4	Arg1:T3	Arg2:T17
16782438	CPR:4	Arg1:T4	Arg2:T18
16782438	CPR:4	Arg1:T6	Arg2:T19
16784786	CPR:9	Arg1:T29	Arg2:T48
16819260	CPR:3	Arg1:T1	Arg2:T13
16819260	CPR:3	Arg1:T1	Arg2:T19
16828882	CPR:4	Arg1:T10	Arg2:T29
16828882	CPR:4	Arg1:T6	Arg2:T20
16829128	CPR:3	Arg1:T1	Arg2:T10
16829128	CPR:3	Arg1:T1	Arg2:T11
16829128	CPR:3	Arg1:T3	Arg2:T12
16829128	CPR:3	Arg1:T6	Arg2:T14
16829128	CPR:3	Arg1:T6	Arg2:T15
16829128	CPR:3	Arg1:T7	Arg2:T14
16829128	CPR:3	Arg1:T7	Arg2:T15
16829128	CPR:3	Arg1:T8	Arg2:T14
16829128	CPR:3	Arg1:T8	Arg2:T15
16829128	CPR:4	Arg1:T4	Arg2:T13
16855093	CPR:4	Arg1:T13	Arg2:T21
16855093	CPR:4	Arg1:T13	Arg2:T22
16855093	CPR:4	Arg1:T13	Arg2:T23
16855093	CPR:6	Arg1:T13	Arg2:T24
16855093	CPR:6	Arg1:T13	Arg2:T25
16855093	CPR:6	Arg1:T9	Arg2:T20
16855093	CPR:9	Arg1:T16	Arg2:T27
16855093	CPR:9	Arg1:T16	Arg2:T28
16855093	CPR:9	Arg1:T2	Arg2:T17
16874462	CPR:9	Arg1:T11	Arg2:T26
16874462	CPR:9	Arg1:T2	Arg2:T13
16874462	CPR:9	Arg1:T3	Arg2:T12
16874462	CPR:9	Arg1:T3	Arg2:T14
16874462	CPR:9	Arg1:T4	Arg2:T12
16874462	CPR:9	Arg1:T4	Arg2:T14
16874462	CPR:9	Arg1:T5	Arg2:T12
16874462	CPR:9	Arg1:T5	Arg2:T14
16874462	CPR:9	Arg1:T7	Arg2:T22
16874462	CPR:9	Arg1:T9	Arg2:T23
16893531	CPR:4	Arg1:T1	Arg2:T23
16893531	CPR:4	Arg1:T1	Arg2:T24
16893531	CPR:4	Arg1:T6	Arg2:T25
16917142	CPR:4	Arg1:T4	Arg2:T24
16917142	CPR:5	Arg1:T11	Arg2:T31
16917142	CPR:6	Arg1:T11	Arg2:T31
16917142	CPR:6	Arg1:T4	Arg2:T23
16926278	CPR:3	Arg1:T15	Arg2:T45
16926278	CPR:3	Arg1:T15	Arg2:T46
16926278	CPR:9	Arg1:T19	Arg2:T25
16926278	CPR:9	Arg1:T19	Arg2:T40
16926278	CPR:9	Arg1:T3	Arg2:T30
16938288	CPR:3	Arg1:T11	Arg2:T38
16938288	CPR:3	Arg1:T4	Arg2:T14
16938288	CPR:3	Arg1:T7	Arg2:T21
16938288	CPR:4	Arg1:T10	Arg2:T36
16938288	CPR:4	Arg1:T11	Arg2:T37
16938288	CPR:4	Arg1:T5	Arg2:T17
16938288	CPR:4	Arg1:T5	Arg2:T18
16938288	CPR:4	Arg1:T7	Arg2:T20
16938288	CPR:4	Arg1:T9	Arg2:T34
16938288	CPR:5	Arg1:T3	Arg2:T19
16938288	CPR:5	Arg1:T3	Arg2:T26
16938288	CPR:6	Arg1:T1	Arg2:T13
16938288	CPR:6	Arg1:T2	Arg2:T13
16938288	CPR:6	Arg1:T3	Arg2:T28
16938288	CPR:6	Arg1:T3	Arg2:T32
16938288	CPR:6	Arg1:T4	Arg2:T15
16957773	CPR:9	Arg1:T5	Arg2:T17
16957773	CPR:9	Arg1:T5	Arg2:T18
16957773	CPR:9	Arg1:T6	Arg2:T19
16971132	CPR:4	Arg1:T1	Arg2:T7
16971132	CPR:4	Arg1:T2	Arg2:T7
16971132	CPR:4	Arg1:T3	Arg2:T7
16971132	CPR:4	Arg1:T4	Arg2:T12
16988497	CPR:3	Arg1:T1	Arg2:T21
16988497	CPR:3	Arg1:T1	Arg2:T22
16988497	CPR:3	Arg1:T2	Arg2:T21
16988497	CPR:3	Arg1:T2	Arg2:T22
16988497	CPR:4	Arg1:T14	Arg2:T18
16988497	CPR:4	Arg1:T14	Arg2:T19
16988497	CPR:4	Arg1:T15	Arg2:T18
16988497	CPR:4	Arg1:T15	Arg2:T19
16988497	CPR:4	Arg1:T16	Arg2:T18
16988497	CPR:4	Arg1:T16	Arg2:T19
16988497	CPR:4	Arg1:T17	Arg2:T18
16988497	CPR:4	Arg1:T17	Arg2:T19
16988497	CPR:4	Arg1:T3	Arg2:T24
16988497	CPR:4	Arg1:T3	Arg2:T25
17023173	CPR:4	Arg1:T2	Arg2:T9
17065601	CPR:9	Arg1:T19	Arg2:T25
17090056	CPR:9	Arg1:T17	Arg2:T31
17090056	CPR:9	Arg1:T18	Arg2:T31
17098734	CPR:9	Arg1:T10	Arg2:T22
17098734	CPR:9	Arg1:T9	Arg2:T20
17098734	CPR:9	Arg1:T9	Arg2:T21
17110146	CPR:3	Arg1:T13	Arg2:T36
17110146	CPR:3	Arg1:T13	Arg2:T37
17110146	CPR:3	Arg1:T13	Arg2:T38
17110146	CPR:4	Arg1:T10	Arg2:T33
17110146	CPR:4	Arg1:T11	Arg2:T33
17125913	CPR:3	Arg1:T10	Arg2:T39
17125913	CPR:3	Arg1:T10	Arg2:T40
17125913	CPR:3	Arg1:T10	Arg2:T41
17125913	CPR:3	Arg1:T1	Arg2:T14
17125913	CPR:3	Arg1:T1	Arg2:T16
17125913	CPR:3	Arg1:T1	Arg2:T17
17125913	CPR:3	Arg1:T1	Arg2:T19
17125913	CPR:3	Arg1:T1	Arg2:T20
17125913	CPR:3	Arg1:T1	Arg2:T21
17125913	CPR:3	Arg1:T9	Arg2:T34
17125913	CPR:3	Arg1:T9	Arg2:T35
17125913	CPR:4	Arg1:T7	Arg2:T31
17202804	CPR:3	Arg1:T26	Arg2:T69
17202804	CPR:3	Arg1:T3	Arg2:T34
17202804	CPR:3	Arg1:T5	Arg2:T41
17202804	CPR:3	Arg1:T6	Arg2:T45
17202804	CPR:4	Arg1:T3	Arg2:T35
17202804	CPR:4	Arg1:T3	Arg2:T36
17202804	CPR:6	Arg1:T25	Arg2:T69
17218486	CPR:3	Arg1:T1	Arg2:T37
17218486	CPR:3	Arg1:T1	Arg2:T38
17218486	CPR:3	Arg1:T1	Arg2:T39
17218486	CPR:3	Arg1:T22	Arg2:T49
17218486	CPR:3	Arg1:T23	Arg2:T49
17218486	CPR:3	Arg1:T25	Arg2:T53
17218486	CPR:3	Arg1:T26	Arg2:T53
17218486	CPR:5	Arg1:T3	Arg2:T40
17218486	CPR:5	Arg1:T4	Arg2:T41
17218486	CPR:5	Arg1:T4	Arg2:T42
17218486	CPR:5	Arg1:T5	Arg2:T43
17218486	CPR:5	Arg1:T5	Arg2:T44
17218486	CPR:5	Arg1:T5	Arg2:T45
17221210	CPR:3	Arg1:T8	Arg2:T23
17221210	CPR:3	Arg1:T8	Arg2:T24
17228881	CPR:4	Arg1:T10	Arg2:T28
17228881	CPR:4	Arg1:T1	Arg2:T26
17228881	CPR:4	Arg1:T21	Arg2:T26
17228881	CPR:4	Arg1:T22	Arg2:T26
17228881	CPR:4	Arg1:T23	Arg2:T26
17228881	CPR:4	Arg1:T24	Arg2:T40
17228881	CPR:4	Arg1:T25	Arg2:T40
17228881	CPR:4	Arg1:T2	Arg2:T26
17228881	CPR:4	Arg1:T3	Arg2:T26
17228881	CPR:4	Arg1:T4	Arg2:T26
17228881	CPR:4	Arg1:T5	Arg2:T26
17228881	CPR:4	Arg1:T6	Arg2:T26
17228881	CPR:4	Arg1:T7	Arg2:T26
17228881	CPR:4	Arg1:T8	Arg2:T27
17228881	CPR:4	Arg1:T9	Arg2:T27
17228881	CPR:9	Arg1:T11	Arg2:T29
17228881	CPR:9	Arg1:T12	Arg2:T29
17228881	CPR:9	Arg1:T13	Arg2:T30
17229090	CPR:9	Arg1:T3	Arg2:T24
17229090	CPR:9	Arg1:T3	Arg2:T28
17234158	CPR:4	Arg1:T1	Arg2:T11
17234158	CPR:4	Arg1:T2	Arg2:T11
17234158	CPR:4	Arg1:T3	Arg2:T11
17234158	CPR:4	Arg1:T4	Arg2:T12
17234158	CPR:4	Arg1:T4	Arg2:T14
17234158	CPR:4	Arg1:T5	Arg2:T17
17234158	CPR:4	Arg1:T5	Arg2:T18
17234158	CPR:4	Arg1:T5	Arg2:T19
17234158	CPR:4	Arg1:T5	Arg2:T20
17234158	CPR:4	Arg1:T5	Arg2:T21
17234158	CPR:4	Arg1:T6	Arg2:T22
17234158	CPR:4	Arg1:T6	Arg2:T23
17234158	CPR:4	Arg1:T9	Arg2:T25
17256745	CPR:9	Arg1:T2	Arg2:T21
17256745	CPR:9	Arg1:T2	Arg2:T32
17256745	CPR:9	Arg1:T3	Arg2:T21
17256745	CPR:9	Arg1:T3	Arg2:T32
17256745	CPR:9	Arg1:T5	Arg2:T21
17256745	CPR:9	Arg1:T5	Arg2:T32
17256745	CPR:9	Arg1:T9	Arg2:T30
17290783	CPR:9	Arg1:T2	Arg2:T9
17290783	CPR:9	Arg1:T3	Arg2:T9
1730582	CPR:4	Arg1:T16	Arg2:T31
1730582	CPR:4	Arg1:T16	Arg2:T36
1730582	CPR:4	Arg1:T17	Arg2:T31
1730582	CPR:4	Arg1:T17	Arg2:T36
1730582	CPR:4	Arg1:T30	Arg2:T44
17311416	CPR:9	Arg1:T15	Arg2:T40
17311416	CPR:9	Arg1:T15	Arg2:T41
17311416	CPR:9	Arg1:T15	Arg2:T42
17311416	CPR:9	Arg1:T16	Arg2:T40
17311416	CPR:9	Arg1:T16	Arg2:T41
17311416	CPR:9	Arg1:T16	Arg2:T42
17311416	CPR:9	Arg1:T17	Arg2:T40
17311416	CPR:9	Arg1:T17	Arg2:T41
17311416	CPR:9	Arg1:T17	Arg2:T42
17311416	CPR:9	Arg1:T18	Arg2:T28
17311416	CPR:9	Arg1:T18	Arg2:T30
17311416	CPR:9	Arg1:T18	Arg2:T31
17311416	CPR:9	Arg1:T18	Arg2:T32
17311416	CPR:9	Arg1:T18	Arg2:T33
17311416	CPR:9	Arg1:T18	Arg2:T34
17311416	CPR:9	Arg1:T18	Arg2:T35
17311416	CPR:9	Arg1:T18	Arg2:T36
17311416	CPR:9	Arg1:T18	Arg2:T37
17311416	CPR:9	Arg1:T18	Arg2:T38
17311416	CPR:9	Arg1:T18	Arg2:T39
17311416	CPR:9	Arg1:T19	Arg2:T40
17311416	CPR:9	Arg1:T19	Arg2:T41
17311416	CPR:9	Arg1:T19	Arg2:T42
17311416	CPR:9	Arg1:T21	Arg2:T28
17311416	CPR:9	Arg1:T21	Arg2:T30
17311416	CPR:9	Arg1:T21	Arg2:T31
17311416	CPR:9	Arg1:T21	Arg2:T32
17311416	CPR:9	Arg1:T21	Arg2:T33
17311416	CPR:9	Arg1:T21	Arg2:T34
17311416	CPR:9	Arg1:T21	Arg2:T35
17311416	CPR:9	Arg1:T21	Arg2:T36
17311416	CPR:9	Arg1:T21	Arg2:T37
17311416	CPR:9	Arg1:T21	Arg2:T38
17311416	CPR:9	Arg1:T21	Arg2:T39
17311416	CPR:9	Arg1:T23	Arg2:T28
17311416	CPR:9	Arg1:T23	Arg2:T30
17311416	CPR:9	Arg1:T23	Arg2:T31
17311416	CPR:9	Arg1:T23	Arg2:T32
17311416	CPR:9	Arg1:T23	Arg2:T33
17311416	CPR:9	Arg1:T23	Arg2:T34
17311416	CPR:9	Arg1:T23	Arg2:T36
17311416	CPR:9	Arg1:T23	Arg2:T37
17311416	CPR:9	Arg1:T23	Arg2:T38
17311416	CPR:9	Arg1:T23	Arg2:T39
17319904	CPR:3	Arg1:T1	Arg2:T12
17319904	CPR:3	Arg1:T1	Arg2:T13
17320868	CPR:5	Arg1:T2	Arg2:T35
17320868	CPR:6	Arg1:T19	Arg2:T32
17324065	CPR:3	Arg1:T10	Arg2:T20
17324065	CPR:3	Arg1:T2	Arg2:T13
17324065	CPR:3	Arg1:T5	Arg2:T15
17324065	CPR:3	Arg1:T5	Arg2:T18
17324065	CPR:3	Arg1:T6	Arg2:T17
17324065	CPR:3	Arg1:T7	Arg2:T19
17324065	CPR:3	Arg1:T9	Arg2:T12
17327402	CPR:9	Arg1:T2	Arg2:T16
17327402	CPR:9	Arg1:T2	Arg2:T9
17327402	CPR:9	Arg1:T3	Arg2:T16
17327402	CPR:9	Arg1:T3	Arg2:T9
17327402	CPR:9	Arg1:T5	Arg2:T16
17327402	CPR:9	Arg1:T5	Arg2:T9
17334413	CPR:4	Arg1:T16	Arg2:T39
17334413	CPR:4	Arg1:T16	Arg2:T40
17334413	CPR:4	Arg1:T16	Arg2:T41
17334413	CPR:5	Arg1:T20	Arg2:T48
17334413	CPR:5	Arg1:T21	Arg2:T48
17334413	CPR:6	Arg1:T22	Arg2:T50
17344208	CPR:9	Arg1:T2	Arg2:T12
17344208	CPR:9	Arg1:T2	Arg2:T19
17344208	CPR:9	Arg1:T2	Arg2:T22
17344208	CPR:9	Arg1:T2	Arg2:T29
17344208	CPR:9	Arg1:T4	Arg2:T12
17344208	CPR:9	Arg1:T4	Arg2:T19
17344208	CPR:9	Arg1:T4	Arg2:T22
17344208	CPR:9	Arg1:T4	Arg2:T29
17344208	CPR:9	Arg1:T6	Arg2:T15
17344208	CPR:9	Arg1:T7	Arg2:T15
17344208	CPR:9	Arg1:T8	Arg2:T16
17352685	CPR:4	Arg1:T1	Arg2:T12
17352685	CPR:4	Arg1:T2	Arg2:T12
17352685	CPR:4	Arg1:T6	Arg2:T18
17352685	CPR:4	Arg1:T7	Arg2:T18
17352685	CPR:9	Arg1:T5	Arg2:T15
17367165	CPR:3	Arg1:T8	Arg2:T23
17379925	CPR:9	Arg1:T10	Arg2:T14
17379925	CPR:9	Arg1:T10	Arg2:T20
17380207	CPR:9	Arg1:T1	Arg2:T6
17380207	CPR:9	Arg1:T5	Arg2:T11
17380207	CPR:9	Arg1:T5	Arg2:T9
17403555	CPR:6	Arg1:T16	Arg2:T56
17403555	CPR:6	Arg1:T17	Arg2:T56
17409318	CPR:9	Arg1:T10	Arg2:T27
17409318	CPR:9	Arg1:T11	Arg2:T26
17409318	CPR:9	Arg1:T11	Arg2:T28
17409318	CPR:9	Arg1:T12	Arg2:T26
17409318	CPR:9	Arg1:T12	Arg2:T28
17409318	CPR:9	Arg1:T19	Arg2:T26
17409318	CPR:9	Arg1:T19	Arg2:T28
17409318	CPR:9	Arg1:T20	Arg2:T29
17409318	CPR:9	Arg1:T23	Arg2:T26
17409318	CPR:9	Arg1:T23	Arg2:T28
17409318	CPR:9	Arg1:T2	Arg2:T26
17409318	CPR:9	Arg1:T2	Arg2:T28
17409318	CPR:9	Arg1:T8	Arg2:T26
17409318	CPR:9	Arg1:T8	Arg2:T28
17409318	CPR:9	Arg1:T9	Arg2:T27
17468175	CPR:5	Arg1:T15	Arg2:T26
17468175	CPR:5	Arg1:T1	Arg2:T18
17468175	CPR:5	Arg1:T8	Arg2:T18
17468175	CPR:6	Arg1:T15	Arg2:T27
17468175	CPR:6	Arg1:T1	Arg2:T19
17468175	CPR:6	Arg1:T8	Arg2:T19
17496727	CPR:4	Arg1:T2	Arg2:T15
17512091	CPR:3	Arg1:T7	Arg2:T32
17512091	CPR:3	Arg1:T7	Arg2:T33
17512091	CPR:3	Arg1:T9	Arg2:T35
17512091	CPR:4	Arg1:T15	Arg2:T38
17512091	CPR:4	Arg1:T6	Arg2:T30
17554001	CPR:9	Arg1:T10	Arg2:T21
17554001	CPR:9	Arg1:T10	Arg2:T22
17554001	CPR:9	Arg1:T13	Arg2:T23
17554001	CPR:9	Arg1:T14	Arg2:T31
17554001	CPR:9	Arg1:T1	Arg2:T15
17554001	CPR:9	Arg1:T3	Arg2:T17
17554001	CPR:9	Arg1:T5	Arg2:T18
17554001	CPR:9	Arg1:T6	Arg2:T19
17554001	CPR:9	Arg1:T6	Arg2:T20
17554001	CPR:9	Arg1:T7	Arg2:T19
17554001	CPR:9	Arg1:T7	Arg2:T20
17554001	CPR:9	Arg1:T9	Arg2:T21
17554001	CPR:9	Arg1:T9	Arg2:T22
17581967	CPR:3	Arg1:T11	Arg2:T27
17581967	CPR:3	Arg1:T13	Arg2:T27
17581967	CPR:3	Arg1:T2	Arg2:T14
17581967	CPR:3	Arg1:T2	Arg2:T19
17581967	CPR:3	Arg1:T6	Arg2:T14
17581967	CPR:3	Arg1:T6	Arg2:T19
17581967	CPR:3	Arg1:T7	Arg2:T14
17581967	CPR:3	Arg1:T7	Arg2:T19
17581967	CPR:3	Arg1:T8	Arg2:T25
17581967	CPR:3	Arg1:T9	Arg2:T25
17594192	CPR:4	Arg1:T10	Arg2:T26
17594192	CPR:4	Arg1:T13	Arg2:T28
17594192	CPR:4	Arg1:T13	Arg2:T29
17594192	CPR:4	Arg1:T1	Arg2:T16
17594192	CPR:4	Arg1:T1	Arg2:T27
17594192	CPR:4	Arg1:T2	Arg2:T17
17594192	CPR:4	Arg1:T3	Arg2:T18
17594192	CPR:4	Arg1:T4	Arg2:T18
17594192	CPR:4	Arg1:T7	Arg2:T16
17594192	CPR:4	Arg1:T7	Arg2:T27
17594192	CPR:4	Arg1:T8	Arg2:T20
17594192	CPR:4	Arg1:T8	Arg2:T23
17603555	CPR:3	Arg1:T23	Arg2:T53
17603555	CPR:3	Arg1:T24	Arg2:T53
17603555	CPR:3	Arg1:T25	Arg2:T53
17603555	CPR:3	Arg1:T27	Arg2:T55
17603555	CPR:3	Arg1:T27	Arg2:T57
17603555	CPR:3	Arg1:T40	Arg2:T55
17603555	CPR:3	Arg1:T40	Arg2:T57
17603555	CPR:3	Arg1:T42	Arg2:T55
17603555	CPR:3	Arg1:T42	Arg2:T57
17603555	CPR:3	Arg1:T43	Arg2:T59
17603555	CPR:3	Arg1:T44	Arg2:T59
17603555	CPR:3	Arg1:T45	Arg2:T59
17603555	CPR:3	Arg1:T4	Arg2:T60
17603555	CPR:3	Arg1:T8	Arg2:T55
17603555	CPR:3	Arg1:T8	Arg2:T57
17604186	CPR:3	Arg1:T1	Arg2:T23
17604186	CPR:4	Arg1:T10	Arg2:T27
17604186	CPR:4	Arg1:T11	Arg2:T28
17604186	CPR:4	Arg1:T20	Arg2:T30
17604186	CPR:4	Arg1:T7	Arg2:T24
17604186	CPR:4	Arg1:T9	Arg2:T26
17604186	CPR:9	Arg1:T15	Arg2:T25
17604186	CPR:9	Arg1:T15	Arg2:T29
17627474	CPR:4	Arg1:T10	Arg2:T22
17627474	CPR:4	Arg1:T11	Arg2:T22
17632548	CPR:9	Arg1:T18	Arg2:T39
17632548	CPR:9	Arg1:T18	Arg2:T40
17632548	CPR:9	Arg1:T21	Arg2:T42
17632548	CPR:9	Arg1:T21	Arg2:T43
17632548	CPR:9	Arg1:T21	Arg2:T44
17632548	CPR:9	Arg1:T22	Arg2:T42
17632548	CPR:9	Arg1:T22	Arg2:T43
17632548	CPR:9	Arg1:T22	Arg2:T44
17768678	CPR:4	Arg1:T1	Arg2:T36
17768678	CPR:4	Arg1:T1	Arg2:T39
17768678	CPR:4	Arg1:T1	Arg2:T40
17768678	CPR:4	Arg1:T1	Arg2:T43
17768678	CPR:4	Arg1:T31	Arg2:T42
17768678	CPR:4	Arg1:T32	Arg2:T42
17768678	CPR:4	Arg1:T34	Arg2:T44
17768678	CPR:4	Arg1:T6	Arg2:T36
17768678	CPR:4	Arg1:T6	Arg2:T39
17768678	CPR:4	Arg1:T6	Arg2:T40
17768678	CPR:4	Arg1:T6	Arg2:T43
17768678	CPR:9	Arg1:T11	Arg2:T37
17768678	CPR:9	Arg1:T16	Arg2:T38
17869551	CPR:4	Arg1:T31	Arg2:T34
17869551	CPR:4	Arg1:T31	Arg2:T35
17869551	CPR:9	Arg1:T11	Arg2:T36
17869551	CPR:9	Arg1:T11	Arg2:T37
17869551	CPR:9	Arg1:T1	Arg2:T36
17869551	CPR:9	Arg1:T1	Arg2:T37
17869551	CPR:9	Arg1:T23	Arg2:T36
17869551	CPR:9	Arg1:T23	Arg2:T37
17869551	CPR:9	Arg1:T29	Arg2:T36
17869551	CPR:9	Arg1:T29	Arg2:T37
17916059	CPR:9	Arg1:T11	Arg2:T16
17980251	CPR:6	Arg1:T20	Arg2:T29
17980251	CPR:6	Arg1:T21	Arg2:T29
17980251	CPR:6	Arg1:T27	Arg2:T30
17980251	CPR:6	Arg1:T28	Arg2:T30
18045203	CPR:6	Arg1:T1	Arg2:T10
18450949	CPR:3	Arg1:T1	Arg2:T11
18450949	CPR:3	Arg1:T1	Arg2:T12
18450949	CPR:3	Arg1:T4	Arg2:T16
18450949	CPR:3	Arg1:T5	Arg2:T20
18450949	CPR:5	Arg1:T1	Arg2:T10
18450949	CPR:5	Arg1:T5	Arg2:T19
18480678	CPR:4	Arg1:T8	Arg2:T30
18480678	CPR:4	Arg1:T8	Arg2:T31
18480678	CPR:9	Arg1:T17	Arg2:T30
18480678	CPR:9	Arg1:T17	Arg2:T31
18593927	CPR:4	Arg1:T3	Arg2:T9
18604229	CPR:4	Arg1:T10	Arg2:T25
18604229	CPR:4	Arg1:T12	Arg2:T27
18655903	CPR:5	Arg1:T11	Arg2:T48
18655903	CPR:5	Arg1:T13	Arg2:T50
18655903	CPR:5	Arg1:T14	Arg2:T51
18655903	CPR:5	Arg1:T15	Arg2:T52
18655903	CPR:6	Arg1:T16	Arg2:T54
18655903	CPR:6	Arg1:T17	Arg2:T54
18655903	CPR:6	Arg1:T19	Arg2:T58
18655903	CPR:6	Arg1:T20	Arg2:T58
18655903	CPR:6	Arg1:T21	Arg2:T58
18655903	CPR:6	Arg1:T23	Arg2:T60
18655903	CPR:6	Arg1:T23	Arg2:T61
18655903	CPR:6	Arg1:T24	Arg2:T60
18655903	CPR:6	Arg1:T24	Arg2:T61
1868500	CPR:4	Arg1:T5	Arg2:T18
1868500	CPR:4	Arg1:T5	Arg2:T19
1868500	CPR:4	Arg1:T5	Arg2:T20
1868500	CPR:4	Arg1:T5	Arg2:T21
1868500	CPR:4	Arg1:T6	Arg2:T18
1868500	CPR:4	Arg1:T6	Arg2:T19
1868500	CPR:4	Arg1:T6	Arg2:T20
1868500	CPR:4	Arg1:T6	Arg2:T21
1868500	CPR:4	Arg1:T7	Arg2:T18
1868500	CPR:4	Arg1:T7	Arg2:T19
1868500	CPR:4	Arg1:T7	Arg2:T20
1868500	CPR:4	Arg1:T7	Arg2:T21
1868500	CPR:4	Arg1:T9	Arg2:T22
1868500	CPR:9	Arg1:T12	Arg2:T27
1868500	CPR:9	Arg1:T12	Arg2:T28
18803986	CPR:4	Arg1:T24	Arg2:T41
18803986	CPR:4	Arg1:T24	Arg2:T42
18803986	CPR:4	Arg1:T24	Arg2:T43
18803986	CPR:4	Arg1:T30	Arg2:T52
18803986	CPR:4	Arg1:T30	Arg2:T53
18803986	CPR:4	Arg1:T5	Arg2:T35
18803986	CPR:4	Arg1:T5	Arg2:T37
18803986	CPR:4	Arg1:T5	Arg2:T49
18803986	CPR:4	Arg1:T5	Arg2:T50
18803986	CPR:4	Arg1:T5	Arg2:T51
18803986	CPR:9	Arg1:T6	Arg2:T36
1881457	CPR:4	Arg1:T11	Arg2:T27
1881457	CPR:4	Arg1:T17	Arg2:T28
1881457	CPR:4	Arg1:T18	Arg2:T28
1881457	CPR:4	Arg1:T20	Arg2:T28
1881457	CPR:4	Arg1:T21	Arg2:T28
1881457	CPR:4	Arg1:T9	Arg2:T27
18973551	CPR:3	Arg1:T5	Arg2:T26
18973551	CPR:3	Arg1:T5	Arg2:T27
18973551	CPR:3	Arg1:T6	Arg2:T26
18973551	CPR:3	Arg1:T6	Arg2:T27
18973551	CPR:4	Arg1:T7	Arg2:T26
18973551	CPR:4	Arg1:T7	Arg2:T27
18973551	CPR:6	Arg1:T4	Arg2:T25
18974361	CPR:4	Arg1:T14	Arg2:T26
18974361	CPR:4	Arg1:T15	Arg2:T26
18974361	CPR:4	Arg1:T16	Arg2:T26
18974361	CPR:4	Arg1:T17	Arg2:T26
19023039	CPR:4	Arg1:T10	Arg2:T18
19023039	CPR:4	Arg1:T14	Arg2:T39
19023039	CPR:4	Arg1:T15	Arg2:T39
19023039	CPR:4	Arg1:T16	Arg2:T39
19023039	CPR:4	Arg1:T1	Arg2:T39
19023039	CPR:4	Arg1:T2	Arg2:T39
19023039	CPR:4	Arg1:T3	Arg2:T39
19023039	CPR:4	Arg1:T4	Arg2:T39
19023039	CPR:4	Arg1:T5	Arg2:T39
19023039	CPR:4	Arg1:T6	Arg2:T39
19023039	CPR:4	Arg1:T7	Arg2:T18
19023039	CPR:4	Arg1:T8	Arg2:T18
19023039	CPR:4	Arg1:T9	Arg2:T18
19023039	CPR:6	Arg1:T11	Arg2:T24
19057128	CPR:3	Arg1:T3	Arg2:T17
19057128	CPR:3	Arg1:T3	Arg2:T18
19057128	CPR:3	Arg1:T6	Arg2:T19
19057128	CPR:3	Arg1:T6	Arg2:T20
19057128	CPR:4	Arg1:T4	Arg2:T17
19057128	CPR:4	Arg1:T4	Arg2:T18
19057128	CPR:4	Arg1:T5	Arg2:T19
19057128	CPR:4	Arg1:T5	Arg2:T20
19057128	CPR:4	Arg1:T7	Arg2:T21
19119014	CPR:4	Arg1:T10	Arg2:T30
19119014	CPR:4	Arg1:T11	Arg2:T30
19119014	CPR:4	Arg1:T12	Arg2:T30
19119014	CPR:4	Arg1:T13	Arg2:T30
19119014	CPR:4	Arg1:T1	Arg2:T24
19119014	CPR:4	Arg1:T1	Arg2:T26
19119014	CPR:4	Arg1:T1	Arg2:T36
19119014	CPR:4	Arg1:T7	Arg2:T24
19119014	CPR:4	Arg1:T7	Arg2:T26
19119014	CPR:4	Arg1:T7	Arg2:T36
19119014	CPR:4	Arg1:T8	Arg2:T24
19119014	CPR:4	Arg1:T8	Arg2:T26
19119014	CPR:4	Arg1:T8	Arg2:T36
19119014	CPR:4	Arg1:T9	Arg2:T24
19119014	CPR:4	Arg1:T9	Arg2:T26
19119014	CPR:4	Arg1:T9	Arg2:T36
19281809	CPR:4	Arg1:T12	Arg2:T33
19281809	CPR:4	Arg1:T12	Arg2:T34
19281809	CPR:4	Arg1:T19	Arg2:T36
19281809	CPR:4	Arg1:T28	Arg2:T38
19281809	CPR:4	Arg1:T6	Arg2:T30
19281809	CPR:9	Arg1:T25	Arg2:T32
19281809	CPR:9	Arg1:T25	Arg2:T35
19293728	CPR:4	Arg1:T2	Arg2:T12
19293728	CPR:4	Arg1:T3	Arg2:T13
19293728	CPR:4	Arg1:T5	Arg2:T15
19293728	CPR:4	Arg1:T6	Arg2:T18
19293728	CPR:5	Arg1:T2	Arg2:T11
19293728	CPR:6	Arg1:T4	Arg2:T14
19472276	CPR:9	Arg1:T4	Arg2:T11
19651196	CPR:3	Arg1:T10	Arg2:T26
19651196	CPR:3	Arg1:T11	Arg2:T26
19651196	CPR:3	Arg1:T12	Arg2:T26
19651196	CPR:3	Arg1:T13	Arg2:T26
19651196	CPR:3	Arg1:T7	Arg2:T26
19651196	CPR:3	Arg1:T8	Arg2:T26
19651196	CPR:3	Arg1:T9	Arg2:T26
19651196	CPR:4	Arg1:T14	Arg2:T26
19651196	CPR:4	Arg1:T17	Arg2:T27
19651196	CPR:4	Arg1:T17	Arg2:T28
19651196	CPR:4	Arg1:T21	Arg2:T30
19852528	CPR:6	Arg1:T12	Arg2:T24
19852528	CPR:6	Arg1:T1	Arg2:T23
19852528	CPR:6	Arg1:T1	Arg2:T25
20053189	CPR:3	Arg1:T5	Arg2:T24
20053189	CPR:3	Arg1:T6	Arg2:T24
20053189	CPR:3	Arg1:T7	Arg2:T24
20053189	CPR:3	Arg1:T8	Arg2:T24
20053189	CPR:4	Arg1:T5	Arg2:T25
20053189	CPR:4	Arg1:T6	Arg2:T25
20053189	CPR:4	Arg1:T7	Arg2:T25
20053189	CPR:4	Arg1:T8	Arg2:T25
20053189	CPR:5	Arg1:T5	Arg2:T22
20053189	CPR:5	Arg1:T5	Arg2:T23
20053189	CPR:5	Arg1:T6	Arg2:T22
20053189	CPR:5	Arg1:T6	Arg2:T23
20053189	CPR:5	Arg1:T7	Arg2:T22
20053189	CPR:5	Arg1:T7	Arg2:T23
20053189	CPR:5	Arg1:T8	Arg2:T22
20053189	CPR:5	Arg1:T8	Arg2:T23
20053189	CPR:6	Arg1:T14	Arg2:T27
20053189	CPR:6	Arg1:T15	Arg2:T27
20053189	CPR:6	Arg1:T18	Arg2:T29
20151846	CPR:4	Arg1:T8	Arg2:T15
2125244	CPR:3	Arg1:T1	Arg2:T7
2125244	CPR:3	Arg1:T1	Arg2:T8
2125244	CPR:4	Arg1:T1	Arg2:T7
2125244	CPR:4	Arg1:T1	Arg2:T8
2125244	CPR:4	Arg1:T5	Arg2:T13
2125244	CPR:4	Arg1:T5	Arg2:T14
21606412	CPR:4	Arg1:T3	Arg2:T13
21606412	CPR:4	Arg1:T3	Arg2:T14
21606412	CPR:4	Arg1:T3	Arg2:T18
21606412	CPR:4	Arg1:T3	Arg2:T19
21606412	CPR:4	Arg1:T6	Arg2:T13
21606412	CPR:4	Arg1:T6	Arg2:T14
21606412	CPR:4	Arg1:T6	Arg2:T18
21606412	CPR:4	Arg1:T6	Arg2:T19
21606412	CPR:4	Arg1:T7	Arg2:T21
21606412	CPR:4	Arg1:T8	Arg2:T21
22370636	CPR:4	Arg1:T3	Arg2:T16
22370636	CPR:4	Arg1:T3	Arg2:T17
2268554	CPR:4	Arg1:T10	Arg2:T24
2268554	CPR:4	Arg1:T10	Arg2:T25
2268554	CPR:4	Arg1:T14	Arg2:T27
2268554	CPR:4	Arg1:T15	Arg2:T27
2268554	CPR:4	Arg1:T16	Arg2:T27
2268554	CPR:4	Arg1:T17	Arg2:T27
2268554	CPR:4	Arg1:T18	Arg2:T28
2268554	CPR:4	Arg1:T19	Arg2:T28
2268554	CPR:4	Arg1:T20	Arg2:T28
2268554	CPR:4	Arg1:T7	Arg2:T23
2268554	CPR:4	Arg1:T8	Arg2:T23
2268554	CPR:4	Arg1:T9	Arg2:T23
2268554	CPR:9	Arg1:T1	Arg2:T22
2268554	CPR:9	Arg1:T1	Arg2:T26
2268554	CPR:9	Arg1:T2	Arg2:T22
2268554	CPR:9	Arg1:T2	Arg2:T26
2268554	CPR:9	Arg1:T4	Arg2:T22
2268554	CPR:9	Arg1:T4	Arg2:T26
2268554	CPR:9	Arg1:T5	Arg2:T22
2268554	CPR:9	Arg1:T5	Arg2:T26
2268554	CPR:9	Arg1:T6	Arg2:T22
2268554	CPR:9	Arg1:T6	Arg2:T26
22709946	CPR:3	Arg1:T1	Arg2:T9
22722028	CPR:3	Arg1:T4	Arg2:T13
22722028	CPR:3	Arg1:T5	Arg2:T13
22722028	CPR:4	Arg1:T1	Arg2:T10
22722028	CPR:4	Arg1:T9	Arg2:T16
22722028	CPR:4	Arg1:T9	Arg2:T17
22722028	CPR:5	Arg1:T2	Arg2:T11
22722028	CPR:5	Arg1:T2	Arg2:T12
22749926	CPR:3	Arg1:T2	Arg2:T10
22749926	CPR:4	Arg1:T8	Arg2:T11
22956632	CPR:3	Arg1:T3	Arg2:T14
22956632	CPR:6	Arg1:T2	Arg2:T13
22956632	CPR:6	Arg1:T5	Arg2:T24
22982218	CPR:3	Arg1:T2	Arg2:T10
22982218	CPR:3	Arg1:T4	Arg2:T11
22982218	CPR:3	Arg1:T5	Arg2:T16
22982218	CPR:3	Arg1:T5	Arg2:T17
22982218	CPR:3	Arg1:T5	Arg2:T18
22982218	CPR:4	Arg1:T1	Arg2:T9
22982218	CPR:4	Arg1:T7	Arg2:T23
22989703	CPR:4	Arg1:T15	Arg2:T24
22989703	CPR:4	Arg1:T15	Arg2:T25
23000451	CPR:9	Arg1:T2	Arg2:T8
23000451	CPR:9	Arg1:T3	Arg2:T10
23000451	CPR:9	Arg1:T3	Arg2:T11
23000451	CPR:9	Arg1:T4	Arg2:T13
23008503	CPR:4	Arg1:T4	Arg2:T14
23008503	CPR:4	Arg1:T5	Arg2:T21
23008503	CPR:4	Arg1:T6	Arg2:T21
23008503	CPR:4	Arg1:T7	Arg2:T22
23008503	CPR:4	Arg1:T8	Arg2:T22
23019137	CPR:3	Arg1:T10	Arg2:T32
23019137	CPR:3	Arg1:T9	Arg2:T32
23019137	CPR:5	Arg1:T8	Arg2:T32
23019137	CPR:6	Arg1:T3	Arg2:T13
23019137	CPR:6	Arg1:T4	Arg2:T13
23042952	CPR:3	Arg1:T35	Arg2:T45
23042952	CPR:3	Arg1:T35	Arg2:T47
23042952	CPR:3	Arg1:T8	Arg2:T40
23042952	CPR:3	Arg1:T8	Arg2:T41
23042952	CPR:3	Arg1:T8	Arg2:T42
23042952	CPR:3	Arg1:T8	Arg2:T43
23042953	CPR:9	Arg1:T3	Arg2:T13
23042953	CPR:9	Arg1:T5	Arg2:T12
23042953	CPR:9	Arg1:T7	Arg2:T14
23042953	CPR:9	Arg1:T9	Arg2:T15
23042954	CPR:6	Arg1:T10	Arg2:T14
23042954	CPR:6	Arg1:T10	Arg2:T15
23042954	CPR:6	Arg1:T10	Arg2:T16
23042954	CPR:6	Arg1:T11	Arg2:T14
23042954	CPR:6	Arg1:T11	Arg2:T15
23042954	CPR:6	Arg1:T11	Arg2:T16
23042954	CPR:6	Arg1:T13	Arg2:T17
23042954	CPR:6	Arg1:T13	Arg2:T18
23047022	CPR:3	Arg1:T7	Arg2:T15
23047022	CPR:3	Arg1:T8	Arg2:T15
23047022	CPR:3	Arg1:T9	Arg2:T15
23047022	CPR:4	Arg1:T10	Arg2:T15
23047022	CPR:5	Arg1:T7	Arg2:T16
23047022	CPR:5	Arg1:T7	Arg2:T17
23047022	CPR:5	Arg1:T8	Arg2:T16
23047022	CPR:5	Arg1:T8	Arg2:T17
23047022	CPR:6	Arg1:T10	Arg2:T18
23047022	CPR:9	Arg1:T1	Arg2:T24
23047022	CPR:9	Arg1:T1	Arg2:T36
23047912	CPR:3	Arg1:T15	Arg2:T17
23047912	CPR:3	Arg1:T15	Arg2:T18
23047912	CPR:3	Arg1:T15	Arg2:T19
23047912	CPR:3	Arg1:T15	Arg2:T20
23047912	CPR:3	Arg1:T16	Arg2:T21
23050902	CPR:3	Arg1:T12	Arg2:T40
23050902	CPR:3	Arg1:T13	Arg2:T40
23050902	CPR:3	Arg1:T14	Arg2:T44
23050902	CPR:3	Arg1:T14	Arg2:T45
23050902	CPR:3	Arg1:T14	Arg2:T46
23050902	CPR:3	Arg1:T16	Arg2:T20
23050902	CPR:3	Arg1:T16	Arg2:T21
23050902	CPR:3	Arg1:T17	Arg2:T47
23050902	CPR:3	Arg1:T1	Arg2:T23
23050902	CPR:3	Arg1:T2	Arg2:T24
23050902	CPR:3	Arg1:T2	Arg2:T25
23050902	CPR:3	Arg1:T2	Arg2:T26
23050902	CPR:3	Arg1:T2	Arg2:T27
23050902	CPR:3	Arg1:T3	Arg2:T29
23050902	CPR:3	Arg1:T3	Arg2:T30
23050902	CPR:3	Arg1:T3	Arg2:T31
23050902	CPR:3	Arg1:T3	Arg2:T32
23050902	CPR:3	Arg1:T5	Arg2:T35
23050902	CPR:3	Arg1:T6	Arg2:T28
23050902	CPR:3	Arg1:T6	Arg2:T34
23050902	CPR:3	Arg1:T8	Arg2:T37
23066089	CPR:3	Arg1:T7	Arg2:T28
23066089	CPR:3	Arg1:T7	Arg2:T29
23066089	CPR:3	Arg1:T7	Arg2:T30
23066089	CPR:4	Arg1:T2	Arg2:T47
23066089	CPR:4	Arg1:T2	Arg2:T48
23066089	CPR:4	Arg1:T3	Arg2:T47
23066089	CPR:4	Arg1:T3	Arg2:T48
23066089	CPR:4	Arg1:T4	Arg2:T21
23066089	CPR:4	Arg1:T4	Arg2:T47
23066089	CPR:4	Arg1:T4	Arg2:T48
23066089	CPR:4	Arg1:T6	Arg2:T22
23066089	CPR:4	Arg1:T6	Arg2:T47
23066089	CPR:4	Arg1:T6	Arg2:T48
23073075	CPR:3	Arg1:T1	Arg2:T27
23073075	CPR:3	Arg1:T1	Arg2:T28
23073075	CPR:3	Arg1:T6	Arg2:T27
23073075	CPR:3	Arg1:T6	Arg2:T28
23073075	CPR:6	Arg1:T2	Arg2:T21
23073075	CPR:6	Arg1:T2	Arg2:T22
23075005	CPR:4	Arg1:T4	Arg2:T18
23075005	CPR:4	Arg1:T9	Arg2:T19
23075005	CPR:9	Arg1:T2	Arg2:T10
23075005	CPR:9	Arg1:T2	Arg2:T11
23075005	CPR:9	Arg1:T2	Arg2:T12
23075005	CPR:9	Arg1:T2	Arg2:T13
23091188	CPR:4	Arg1:T21	Arg2:T51
23091188	CPR:4	Arg1:T21	Arg2:T53
23091188	CPR:4	Arg1:T22	Arg2:T51
23091188	CPR:4	Arg1:T22	Arg2:T53
23091188	CPR:4	Arg1:T23	Arg2:T51
23091188	CPR:4	Arg1:T23	Arg2:T53
23091188	CPR:4	Arg1:T24	Arg2:T51
23091188	CPR:4	Arg1:T24	Arg2:T53
23099431	CPR:3	Arg1:T1	Arg2:T10
23102509	CPR:9	Arg1:T13	Arg2:T29
23102509	CPR:9	Arg1:T13	Arg2:T30
23103563	CPR:3	Arg1:T11	Arg2:T25
23103563	CPR:3	Arg1:T1	Arg2:T16
23103563	CPR:3	Arg1:T8	Arg2:T24
23103563	CPR:3	Arg1:T9	Arg2:T24
23117151	CPR:3	Arg1:T7	Arg2:T24
23117151	CPR:3	Arg1:T9	Arg2:T28
23123257	CPR:4	Arg1:T1	Arg2:T6
23123298	CPR:3	Arg1:T6	Arg2:T17
23123298	CPR:3	Arg1:T6	Arg2:T18
23123298	CPR:3	Arg1:T6	Arg2:T19
23123298	CPR:3	Arg1:T6	Arg2:T20
23123298	CPR:3	Arg1:T6	Arg2:T21
23123662	CPR:9	Arg1:T10	Arg2:T33
23123662	CPR:9	Arg1:T11	Arg2:T34
23123662	CPR:9	Arg1:T13	Arg2:T34
23123662	CPR:9	Arg1:T20	Arg2:T39
23123662	CPR:9	Arg1:T20	Arg2:T40
23123662	CPR:9	Arg1:T21	Arg2:T39
23123662	CPR:9	Arg1:T21	Arg2:T40
23123662	CPR:9	Arg1:T22	Arg2:T39
23123662	CPR:9	Arg1:T22	Arg2:T40
23123662	CPR:9	Arg1:T23	Arg2:T39
23123662	CPR:9	Arg1:T23	Arg2:T40
23123662	CPR:9	Arg1:T24	Arg2:T41
23123662	CPR:9	Arg1:T26	Arg2:T42
23123662	CPR:9	Arg1:T28	Arg2:T43
23123662	CPR:9	Arg1:T29	Arg2:T43
23123662	CPR:9	Arg1:T9	Arg2:T33
23128353	CPR:3	Arg1:T1	Arg2:T13
23128353	CPR:3	Arg1:T2	Arg2:T18
23128353	CPR:3	Arg1:T9	Arg2:T20
23128353	CPR:3	Arg1:T9	Arg2:T21
23128353	CPR:4	Arg1:T1	Arg2:T12
23128353	CPR:4	Arg1:T2	Arg2:T14
23128353	CPR:4	Arg1:T8	Arg2:T19
23128353	CPR:4	Arg1:T9	Arg2:T23
23131177	CPR:5	Arg1:T12	Arg2:T28
23142699	CPR:3	Arg1:T1	Arg2:T7
23142699	CPR:3	Arg1:T1	Arg2:T8
23143891	CPR:9	Arg1:T14	Arg2:T24
23143891	CPR:9	Arg1:T15	Arg2:T24
23143891	CPR:9	Arg1:T16	Arg2:T24
23143891	CPR:9	Arg1:T17	Arg2:T24
23143891	CPR:9	Arg1:T1	Arg2:T19
23143891	CPR:9	Arg1:T2	Arg2:T19
23143891	CPR:9	Arg1:T3	Arg2:T19
23143891	CPR:9	Arg1:T4	Arg2:T20
23159329	CPR:3	Arg1:T11	Arg2:T24
23159329	CPR:3	Arg1:T11	Arg2:T25
23159329	CPR:3	Arg1:T2	Arg2:T13
23159329	CPR:3	Arg1:T2	Arg2:T14
23159329	CPR:3	Arg1:T4	Arg2:T15
23159329	CPR:3	Arg1:T4	Arg2:T16
23161868	CPR:3	Arg1:T1	Arg2:T3
23161868	CPR:3	Arg1:T1	Arg2:T4
23161868	CPR:3	Arg1:T1	Arg2:T5
23161868	CPR:3	Arg1:T2	Arg2:T10
23161868	CPR:3	Arg1:T2	Arg2:T11
23164615	CPR:5	Arg1:T2	Arg2:T11
23164615	CPR:5	Arg1:T3	Arg2:T11
23178182	CPR:4	Arg1:T13	Arg2:T38
23178182	CPR:6	Arg1:T14	Arg2:T39
23178182	CPR:6	Arg1:T18	Arg2:T40
23182766	CPR:3	Arg1:T3	Arg2:T15
23192339	CPR:3	Arg1:T1	Arg2:T13
23194076	CPR:3	Arg1:T7	Arg2:T11
23194076	CPR:3	Arg1:T8	Arg2:T24
23194076	CPR:3	Arg1:T8	Arg2:T25
23201003	CPR:4	Arg1:T2	Arg2:T22
23201003	CPR:4	Arg1:T2	Arg2:T23
23201003	CPR:4	Arg1:T8	Arg2:T24
23220614	CPR:3	Arg1:T10	Arg2:T30
23220614	CPR:3	Arg1:T10	Arg2:T31
23220614	CPR:3	Arg1:T10	Arg2:T32
23220614	CPR:3	Arg1:T11	Arg2:T33
23220614	CPR:3	Arg1:T20	Arg2:T41
23220614	CPR:3	Arg1:T20	Arg2:T42
23220614	CPR:3	Arg1:T20	Arg2:T43
23220614	CPR:3	Arg1:T21	Arg2:T45
23220614	CPR:3	Arg1:T21	Arg2:T46
23220614	CPR:3	Arg1:T22	Arg2:T45
23220614	CPR:3	Arg1:T22	Arg2:T46
23220614	CPR:3	Arg1:T4	Arg2:T24
23220614	CPR:3	Arg1:T4	Arg2:T25
23220614	CPR:4	Arg1:T13	Arg2:T35
23220614	CPR:4	Arg1:T13	Arg2:T36
23220614	CPR:4	Arg1:T2	Arg2:T24
23220614	CPR:4	Arg1:T3	Arg2:T25
23220614	CPR:4	Arg1:T7	Arg2:T27
23220614	CPR:4	Arg1:T7	Arg2:T28
23220618	CPR:3	Arg1:T12	Arg2:T35
23220618	CPR:4	Arg1:T10	Arg2:T33
23220618	CPR:4	Arg1:T10	Arg2:T34
23220618	CPR:4	Arg1:T11	Arg2:T33
23220618	CPR:4	Arg1:T11	Arg2:T34
23220618	CPR:4	Arg1:T12	Arg2:T36
23220618	CPR:4	Arg1:T13	Arg2:T35
23220618	CPR:4	Arg1:T13	Arg2:T36
23220618	CPR:4	Arg1:T15	Arg2:T19
23220618	CPR:4	Arg1:T15	Arg2:T20
23220618	CPR:4	Arg1:T16	Arg2:T19
23220618	CPR:4	Arg1:T16	Arg2:T20
23220618	CPR:4	Arg1:T2	Arg2:T21
23220618	CPR:4	Arg1:T2	Arg2:T22
23220644	CPR:4	Arg1:T2	Arg2:T10
23220644	CPR:4	Arg1:T2	Arg2:T11
23220644	CPR:4	Arg1:T2	Arg2:T7
23220644	CPR:4	Arg1:T2	Arg2:T9
23220644	CPR:4	Arg1:T6	Arg2:T17
23220644	CPR:4	Arg1:T6	Arg2:T18
23220644	CPR:9	Arg1:T1	Arg2:T12
23220644	CPR:9	Arg1:T1	Arg2:T13
23220644	CPR:9	Arg1:T1	Arg2:T16
23220644	CPR:9	Arg1:T1	Arg2:T8
23220749	CPR:3	Arg1:T2	Arg2:T15
23220749	CPR:3	Arg1:T4	Arg2:T17
23220749	CPR:3	Arg1:T5	Arg2:T17
23220749	CPR:4	Arg1:T12	Arg2:T27
23221600	CPR:3	Arg1:T3	Arg2:T19
23221600	CPR:4	Arg1:T5	Arg2:T23
23221600	CPR:4	Arg1:T9	Arg2:T33
23221600	CPR:4	Arg1:T9	Arg2:T35
23223177	CPR:3	Arg1:T1	Arg2:T7
23223177	CPR:3	Arg1:T1	Arg2:T8
23223177	CPR:4	Arg1:T3	Arg2:T19
23223177	CPR:4	Arg1:T3	Arg2:T20
23223177	CPR:4	Arg1:T3	Arg2:T21
23223177	CPR:4	Arg1:T3	Arg2:T22
23223177	CPR:4	Arg1:T3	Arg2:T23
23228696	CPR:3	Arg1:T13	Arg2:T30
23228696	CPR:3	Arg1:T13	Arg2:T32
23228696	CPR:3	Arg1:T13	Arg2:T33
23228696	CPR:3	Arg1:T13	Arg2:T34
23228696	CPR:3	Arg1:T14	Arg2:T35
23228696	CPR:3	Arg1:T4	Arg2:T19
23228696	CPR:3	Arg1:T4	Arg2:T20
23228696	CPR:3	Arg1:T4	Arg2:T21
23228696	CPR:4	Arg1:T15	Arg2:T36
23228696	CPR:4	Arg1:T15	Arg2:T37
23228696	CPR:4	Arg1:T15	Arg2:T38
23228696	CPR:4	Arg1:T16	Arg2:T40
23228696	CPR:4	Arg1:T16	Arg2:T41
23228696	CPR:4	Arg1:T3	Arg2:T19
23228696	CPR:4	Arg1:T3	Arg2:T20
23228696	CPR:4	Arg1:T3	Arg2:T21
23228696	CPR:4	Arg1:T6	Arg2:T25
23228696	CPR:4	Arg1:T7	Arg2:T25
23228696	CPR:4	Arg1:T8	Arg2:T26
23228696	CPR:4	Arg1:T8	Arg2:T27
23228697	CPR:4	Arg1:T12	Arg2:T31
23228697	CPR:4	Arg1:T12	Arg2:T33
23228697	CPR:4	Arg1:T1	Arg2:T17
23228697	CPR:4	Arg1:T4	Arg2:T16
23228697	CPR:4	Arg1:T6	Arg2:T25
23228697	CPR:4	Arg1:T6	Arg2:T26
23228697	CPR:4	Arg1:T6	Arg2:T27
23228697	CPR:4	Arg1:T6	Arg2:T28
23228697	CPR:4	Arg1:T6	Arg2:T29
23229509	CPR:9	Arg1:T2	Arg2:T9
23229509	CPR:9	Arg1:T5	Arg2:T10
23229509	CPR:9	Arg1:T5	Arg2:T13
23229510	CPR:3	Arg1:T11	Arg2:T26
23229510	CPR:3	Arg1:T12	Arg2:T26
23229510	CPR:3	Arg1:T6	Arg2:T16
23229510	CPR:3	Arg1:T6	Arg2:T17
23229510	CPR:3	Arg1:T6	Arg2:T18
23229510	CPR:3	Arg1:T6	Arg2:T19
23240892	CPR:4	Arg1:T15	Arg2:T17
23240892	CPR:4	Arg1:T4	Arg2:T19
23240892	CPR:4	Arg1:T4	Arg2:T20
23246481	CPR:3	Arg1:T11	Arg2:T22
23246481	CPR:3	Arg1:T11	Arg2:T23
23246481	CPR:3	Arg1:T13	Arg2:T24
23246481	CPR:3	Arg1:T15	Arg2:T25
23246481	CPR:3	Arg1:T7	Arg2:T16
23246481	CPR:3	Arg1:T7	Arg2:T17
23246481	CPR:3	Arg1:T9	Arg2:T18
23246481	CPR:3	Arg1:T9	Arg2:T19
23246481	CPR:4	Arg1:T10	Arg2:T22
23246481	CPR:4	Arg1:T10	Arg2:T23
23246481	CPR:4	Arg1:T12	Arg2:T24
23246481	CPR:4	Arg1:T14	Arg2:T25
23246481	CPR:4	Arg1:T6	Arg2:T16
23246481	CPR:4	Arg1:T6	Arg2:T17
23246481	CPR:4	Arg1:T8	Arg2:T18
23246481	CPR:4	Arg1:T8	Arg2:T19
23246481	CPR:4	Arg1:T8	Arg2:T20
23246481	CPR:4	Arg1:T8	Arg2:T21
23253441	CPR:4	Arg1:T1	Arg2:T5
23254198	CPR:4	Arg1:T14	Arg2:T22
23254198	CPR:4	Arg1:T14	Arg2:T23
23254198	CPR:4	Arg1:T14	Arg2:T24
23254198	CPR:4	Arg1:T14	Arg2:T25
23254198	CPR:4	Arg1:T14	Arg2:T26
23254198	CPR:4	Arg1:T14	Arg2:T27
23261524	CPR:3	Arg1:T1	Arg2:T4
23261524	CPR:3	Arg1:T1	Arg2:T5
23261524	CPR:4	Arg1:T2	Arg2:T21
23261524	CPR:4	Arg1:T2	Arg2:T22
23261589	CPR:4	Arg1:T5	Arg2:T19
23261589	CPR:4	Arg1:T5	Arg2:T20
23261589	CPR:4	Arg1:T5	Arg2:T21
23261589	CPR:4	Arg1:T5	Arg2:T22
23261589	CPR:4	Arg1:T5	Arg2:T23
23261589	CPR:4	Arg1:T5	Arg2:T24
23261589	CPR:4	Arg1:T5	Arg2:T25
23261589	CPR:4	Arg1:T5	Arg2:T26
23261589	CPR:4	Arg1:T5	Arg2:T27
23261589	CPR:4	Arg1:T8	Arg2:T30
23261676	CPR:4	Arg1:T15	Arg2:T31
23261676	CPR:4	Arg1:T15	Arg2:T32
23261676	CPR:4	Arg1:T15	Arg2:T33
23261676	CPR:4	Arg1:T15	Arg2:T34
23261757	CPR:3	Arg1:T6	Arg2:T11
23261757	CPR:3	Arg1:T6	Arg2:T12
23261757	CPR:3	Arg1:T6	Arg2:T13
23261757	CPR:3	Arg1:T6	Arg2:T14
23265905	CPR:4	Arg1:T2	Arg2:T9
23266270	CPR:4	Arg1:T12	Arg2:T32
23266270	CPR:4	Arg1:T12	Arg2:T33
23266270	CPR:4	Arg1:T12	Arg2:T34
23266270	CPR:4	Arg1:T13	Arg2:T16
23266270	CPR:4	Arg1:T13	Arg2:T35
23266270	CPR:4	Arg1:T13	Arg2:T36
23266270	CPR:4	Arg1:T1	Arg2:T17
23266270	CPR:4	Arg1:T1	Arg2:T18
23266270	CPR:4	Arg1:T2	Arg2:T19
23266270	CPR:4	Arg1:T2	Arg2:T20
23266270	CPR:4	Arg1:T2	Arg2:T21
23266270	CPR:4	Arg1:T2	Arg2:T22
23266270	CPR:4	Arg1:T7	Arg2:T23
23266270	CPR:4	Arg1:T7	Arg2:T24
23266270	CPR:4	Arg1:T7	Arg2:T25
23266270	CPR:4	Arg1:T7	Arg2:T26
23266270	CPR:4	Arg1:T7	Arg2:T27
23267840	CPR:9	Arg1:T13	Arg2:T24
23281812	CPR:4	Arg1:T6	Arg2:T20
23281812	CPR:4	Arg1:T6	Arg2:T21
23282066	CPR:4	Arg1:T1	Arg2:T14
23282066	CPR:9	Arg1:T2	Arg2:T14
23295740	CPR:3	Arg1:T15	Arg2:T30
23295740	CPR:3	Arg1:T1	Arg2:T28
23295740	CPR:3	Arg1:T1	Arg2:T29
23295740	CPR:3	Arg1:T4	Arg2:T21
23295740	CPR:4	Arg1:T12	Arg2:T25
23295740	CPR:4	Arg1:T15	Arg2:T31
23295740	CPR:4	Arg1:T1	Arg2:T16
23295740	CPR:4	Arg1:T3	Arg2:T19
23295740	CPR:4	Arg1:T4	Arg2:T20
23297412	CPR:3	Arg1:T1	Arg2:T10
23297412	CPR:4	Arg1:T3	Arg2:T14
23297412	CPR:4	Arg1:T5	Arg2:T16
23305921	CPR:4	Arg1:T15	Arg2:T25
23305921	CPR:4	Arg1:T21	Arg2:T27
23305921	CPR:4	Arg1:T22	Arg2:T27
23305921	CPR:4	Arg1:T23	Arg2:T28
23305921	CPR:4	Arg1:T24	Arg2:T28
23305921	CPR:4	Arg1:T6	Arg2:T25
23307549	CPR:4	Arg1:T1	Arg2:T13
23307549	CPR:4	Arg1:T1	Arg2:T14
23318731	CPR:3	Arg1:T19	Arg2:T26
23318731	CPR:3	Arg1:T20	Arg2:T26
23318833	CPR:3	Arg1:T8	Arg2:T26
23318833	CPR:3	Arg1:T8	Arg2:T27
23318833	CPR:4	Arg1:T12	Arg2:T28
23318833	CPR:4	Arg1:T12	Arg2:T29
23318833	CPR:4	Arg1:T12	Arg2:T30
23319419	CPR:3	Arg1:T12	Arg2:T34
23319419	CPR:3	Arg1:T18	Arg2:T39
23319419	CPR:3	Arg1:T18	Arg2:T40
23319419	CPR:3	Arg1:T18	Arg2:T41
23319419	CPR:4	Arg1:T12	Arg2:T35
23319419	CPR:5	Arg1:T17	Arg2:T20
23319419	CPR:5	Arg1:T17	Arg2:T21
23319419	CPR:5	Arg1:T17	Arg2:T22
23321689	CPR:6	Arg1:T2	Arg2:T15
23321689	CPR:6	Arg1:T3	Arg2:T16
23322164	CPR:9	Arg1:T10	Arg2:T34
23322164	CPR:9	Arg1:T10	Arg2:T35
23322164	CPR:9	Arg1:T23	Arg2:T46
23322164	CPR:9	Arg1:T23	Arg2:T47
23322164	CPR:9	Arg1:T5	Arg2:T32
23322164	CPR:9	Arg1:T5	Arg2:T33
23327794	CPR:6	Arg1:T9	Arg2:T14
23334403	CPR:6	Arg1:T5	Arg2:T22
23353901	CPR:3	Arg1:T6	Arg2:T27
23353901	CPR:5	Arg1:T12	Arg2:T41
23353901	CPR:5	Arg1:T13	Arg2:T41
23353901	CPR:5	Arg1:T14	Arg2:T41
23353901	CPR:5	Arg1:T15	Arg2:T41
23353901	CPR:5	Arg1:T16	Arg2:T41
23353901	CPR:5	Arg1:T18	Arg2:T42
23353901	CPR:5	Arg1:T19	Arg2:T42
23353901	CPR:6	Arg1:T21	Arg2:T44
23353901	CPR:6	Arg1:T22	Arg2:T45
23361846	CPR:4	Arg1:T9	Arg2:T27
23361846	CPR:9	Arg1:T1	Arg2:T24
23361846	CPR:9	Arg1:T1	Arg2:T30
23361846	CPR:9	Arg1:T1	Arg2:T31
23361846	CPR:9	Arg1:T1	Arg2:T32
23361846	CPR:9	Arg1:T2	Arg2:T24
23361846	CPR:9	Arg1:T2	Arg2:T30
23361846	CPR:9	Arg1:T2	Arg2:T31
23361846	CPR:9	Arg1:T2	Arg2:T32
23361846	CPR:9	Arg1:T6	Arg2:T23
23361846	CPR:9	Arg1:T7	Arg2:T25
23361846	CPR:9	Arg1:T7	Arg2:T26
23361846	CPR:9	Arg1:T8	Arg2:T25
23361846	CPR:9	Arg1:T8	Arg2:T26
23373701	CPR:3	Arg1:T2	Arg2:T26
23373701	CPR:3	Arg1:T2	Arg2:T27
23373701	CPR:3	Arg1:T2	Arg2:T28
23373701	CPR:4	Arg1:T4	Arg2:T29
23373701	CPR:4	Arg1:T4	Arg2:T30
23373701	CPR:4	Arg1:T4	Arg2:T31
23373701	CPR:5	Arg1:T2	Arg2:T23
23373701	CPR:5	Arg1:T2	Arg2:T25
23376249	CPR:4	Arg1:T2	Arg2:T4
23376249	CPR:4	Arg1:T3	Arg2:T13
23376249	CPR:4	Arg1:T3	Arg2:T14
23376356	CPR:3	Arg1:T1	Arg2:T17
23376356	CPR:3	Arg1:T1	Arg2:T18
23376356	CPR:3	Arg1:T1	Arg2:T19
23376356	CPR:3	Arg1:T1	Arg2:T20
23376356	CPR:4	Arg1:T1	Arg2:T15
23376356	CPR:4	Arg1:T1	Arg2:T16
23376356	CPR:4	Arg1:T2	Arg2:T22
23376356	CPR:4	Arg1:T3	Arg2:T23
23380477	CPR:3	Arg1:T1	Arg2:T15
23380477	CPR:4	Arg1:T4	Arg2:T20
23382381	CPR:3	Arg1:T2	Arg2:T29
23382381	CPR:3	Arg1:T3	Arg2:T29
23382381	CPR:4	Arg1:T2	Arg2:T28
23382381	CPR:4	Arg1:T3	Arg2:T28
23384387	CPR:3	Arg1:T11	Arg2:T21
23384387	CPR:3	Arg1:T11	Arg2:T24
23384387	CPR:4	Arg1:T11	Arg2:T22
23384387	CPR:4	Arg1:T11	Arg2:T23
23397032	CPR:4	Arg1:T1	Arg2:T11
23402856	CPR:3	Arg1:T18	Arg2:T28
23402856	CPR:3	Arg1:T18	Arg2:T29
23402856	CPR:3	Arg1:T19	Arg2:T28
23402856	CPR:3	Arg1:T19	Arg2:T29
23402856	CPR:3	Arg1:T3	Arg2:T27
23402856	CPR:3	Arg1:T5	Arg2:T27
23403092	CPR:3	Arg1:T2	Arg2:T11
23403092	CPR:3	Arg1:T9	Arg2:T20
23403272	CPR:3	Arg1:T10	Arg2:T31
23403272	CPR:3	Arg1:T10	Arg2:T32
23403272	CPR:3	Arg1:T18	Arg2:T21
23403272	CPR:3	Arg1:T19	Arg2:T33
23403272	CPR:3	Arg1:T19	Arg2:T34
23403272	CPR:3	Arg1:T2	Arg2:T24
23403272	CPR:3	Arg1:T5	Arg2:T26
23403272	CPR:3	Arg1:T6	Arg2:T27
23403272	CPR:3	Arg1:T6	Arg2:T28
23403272	CPR:4	Arg1:T10	Arg2:T29
23403272	CPR:4	Arg1:T10	Arg2:T30
23403272	CPR:4	Arg1:T3	Arg2:T26
23403272	CPR:4	Arg1:T4	Arg2:T26
23404093	CPR:6	Arg1:T5	Arg2:T12
23404093	CPR:6	Arg1:T6	Arg2:T14
23404093	CPR:6	Arg1:T8	Arg2:T16
23404093	CPR:6	Arg1:T9	Arg2:T16
23411235	CPR:4	Arg1:T10	Arg2:T16
23411279	CPR:4	Arg1:T8	Arg2:T10
23411279	CPR:4	Arg1:T8	Arg2:T11
23411279	CPR:4	Arg1:T8	Arg2:T12
23411279	CPR:4	Arg1:T8	Arg2:T13
23411279	CPR:4	Arg1:T8	Arg2:T14
23411280	CPR:4	Arg1:T3	Arg2:T14
23411280	CPR:9	Arg1:T10	Arg2:T12
23411280	CPR:9	Arg1:T10	Arg2:T15
23411280	CPR:9	Arg1:T8	Arg2:T12
23411280	CPR:9	Arg1:T8	Arg2:T15
23414838	CPR:5	Arg1:T4	Arg2:T8
23414838	CPR:5	Arg1:T4	Arg2:T9
23414838	CPR:5	Arg1:T6	Arg2:T10
23416002	CPR:4	Arg1:T3	Arg2:T12
23416002	CPR:4	Arg1:T3	Arg2:T14
23416002	CPR:4	Arg1:T4	Arg2:T12
23416002	CPR:4	Arg1:T4	Arg2:T14
23416002	CPR:4	Arg1:T5	Arg2:T13
23416002	CPR:4	Arg1:T6	Arg2:T13
23416002	CPR:4	Arg1:T7	Arg2:T17
23416002	CPR:4	Arg1:T7	Arg2:T18
23416002	CPR:4	Arg1:T8	Arg2:T17
23416002	CPR:4	Arg1:T8	Arg2:T18
23416065	CPR:4	Arg1:T5	Arg2:T23
23424204	CPR:4	Arg1:T14	Arg2:T17
23424204	CPR:4	Arg1:T14	Arg2:T18
23424204	CPR:4	Arg1:T14	Arg2:T31
23424204	CPR:4	Arg1:T4	Arg2:T20
23424204	CPR:4	Arg1:T4	Arg2:T21
23424207	CPR:4	Arg1:T21	Arg2:T41
23424207	CPR:4	Arg1:T21	Arg2:T42
23424207	CPR:4	Arg1:T21	Arg2:T43
23424207	CPR:4	Arg1:T21	Arg2:T44
23424207	CPR:4	Arg1:T21	Arg2:T45
23424207	CPR:4	Arg1:T21	Arg2:T46
23424207	CPR:4	Arg1:T21	Arg2:T47
23424207	CPR:4	Arg1:T27	Arg2:T40
23424207	CPR:4	Arg1:T27	Arg2:T48
23424207	CPR:4	Arg1:T27	Arg2:T49
23424207	CPR:4	Arg1:T27	Arg2:T50
23424207	CPR:4	Arg1:T27	Arg2:T51
23424207	CPR:4	Arg1:T27	Arg2:T52
23424207	CPR:4	Arg1:T27	Arg2:T53
23424207	CPR:4	Arg1:T27	Arg2:T54
23424207	CPR:4	Arg1:T27	Arg2:T55
23424207	CPR:4	Arg1:T27	Arg2:T56
23425605	CPR:3	Arg1:T7	Arg2:T28
23425605	CPR:4	Arg1:T3	Arg2:T27
23428155	CPR:4	Arg1:T2	Arg2:T10
23430109	CPR:4	Arg1:T3	Arg2:T24
23430109	CPR:4	Arg1:T4	Arg2:T24
23430109	CPR:4	Arg1:T5	Arg2:T24
23430109	CPR:4	Arg1:T6	Arg2:T25
23430109	CPR:4	Arg1:T7	Arg2:T25
23432582	CPR:4	Arg1:T10	Arg2:T18
23432582	CPR:4	Arg1:T2	Arg2:T19
23432582	CPR:4	Arg1:T2	Arg2:T20
23434223	CPR:4	Arg1:T6	Arg2:T10
23434223	CPR:4	Arg1:T7	Arg2:T11
23434829	CPR:9	Arg1:T3	Arg2:T18
23434829	CPR:9	Arg1:T4	Arg2:T18
23434829	CPR:9	Arg1:T5	Arg2:T18
23434829	CPR:9	Arg1:T6	Arg2:T18
23454148	CPR:3	Arg1:T19	Arg2:T33
23454148	CPR:4	Arg1:T19	Arg2:T34
23454148	CPR:9	Arg1:T5	Arg2:T25
23454527	CPR:4	Arg1:T4	Arg2:T10
23454527	CPR:4	Arg1:T4	Arg2:T9
23455312	CPR:3	Arg1:T18	Arg2:T36
23455312	CPR:3	Arg1:T19	Arg2:T36
23455312	CPR:3	Arg1:T1	Arg2:T23
23455597	CPR:6	Arg1:T10	Arg2:T17
23455597	CPR:6	Arg1:T15	Arg2:T21
23455597	CPR:6	Arg1:T7	Arg2:T19
23461378	CPR:9	Arg1:T1	Arg2:T13
23461378	CPR:9	Arg1:T2	Arg2:T13
23461378	CPR:9	Arg1:T3	Arg2:T12
23461378	CPR:9	Arg1:T4	Arg2:T13
23461378	CPR:9	Arg1:T5	Arg2:T13
23461378	CPR:9	Arg1:T6	Arg2:T13
23466488	CPR:3	Arg1:T16	Arg2:T52
23466488	CPR:3	Arg1:T16	Arg2:T53
23466488	CPR:3	Arg1:T18	Arg2:T54
23466488	CPR:3	Arg1:T18	Arg2:T55
23466488	CPR:3	Arg1:T40	Arg2:T58
23473801	CPR:4	Arg1:T12	Arg2:T26
23473801	CPR:4	Arg1:T15	Arg2:T28
23473801	CPR:4	Arg1:T15	Arg2:T29
23473801	CPR:4	Arg1:T15	Arg2:T30
23473801	CPR:4	Arg1:T15	Arg2:T31
23473801	CPR:4	Arg1:T15	Arg2:T32
23473801	CPR:4	Arg1:T15	Arg2:T33
23473801	CPR:4	Arg1:T15	Arg2:T34
23473801	CPR:4	Arg1:T19	Arg2:T35
23473801	CPR:4	Arg1:T7	Arg2:T22
23473801	CPR:4	Arg1:T7	Arg2:T23
23473801	CPR:4	Arg1:T7	Arg2:T24
23473801	CPR:4	Arg1:T7	Arg2:T25
23474386	CPR:4	Arg1:T4	Arg2:T11
23477419	CPR:5	Arg1:T17	Arg2:T21
23494106	CPR:4	Arg1:T1	Arg2:T23
23494106	CPR:4	Arg1:T1	Arg2:T24
23494106	CPR:4	Arg1:T1	Arg2:T25
23494106	CPR:4	Arg1:T2	Arg2:T23
23494106	CPR:4	Arg1:T2	Arg2:T24
23494106	CPR:4	Arg1:T2	Arg2:T25
23494944	CPR:4	Arg1:T11	Arg2:T13
23494944	CPR:4	Arg1:T11	Arg2:T14
23494944	CPR:4	Arg1:T11	Arg2:T15
23494944	CPR:4	Arg1:T9	Arg2:T18
23494944	CPR:4	Arg1:T9	Arg2:T19
23494944	CPR:4	Arg1:T9	Arg2:T20
23494944	CPR:4	Arg1:T9	Arg2:T21
23500387	CPR:3	Arg1:T9	Arg2:T20
23500387	CPR:4	Arg1:T1	Arg2:T13
23500387	CPR:4	Arg1:T3	Arg2:T15
23500387	CPR:4	Arg1:T9	Arg2:T18
23500387	CPR:4	Arg1:T9	Arg2:T19
23511016	CPR:4	Arg1:T1	Arg2:T9
23511016	CPR:4	Arg1:T2	Arg2:T9
23511016	CPR:4	Arg1:T3	Arg2:T9
23511016	CPR:4	Arg1:T6	Arg2:T11
23511016	CPR:4	Arg1:T7	Arg2:T11
23511016	CPR:4	Arg1:T8	Arg2:T11
23511125	CPR:4	Arg1:T1	Arg2:T24
23511711	CPR:4	Arg1:T10	Arg2:T17
23511711	CPR:4	Arg1:T5	Arg2:T16
23511711	CPR:9	Arg1:T12	Arg2:T20
23511711	CPR:9	Arg1:T9	Arg2:T17
23512537	CPR:9	Arg1:T1	Arg2:T11
23512537	CPR:9	Arg1:T1	Arg2:T12
23512537	CPR:9	Arg1:T4	Arg2:T14
23512537	CPR:9	Arg1:T5	Arg2:T16
23512537	CPR:9	Arg1:T7	Arg2:T19
23512537	CPR:9	Arg1:T7	Arg2:T20
23512537	CPR:9	Arg1:T9	Arg2:T23
23512754	CPR:3	Arg1:T11	Arg2:T17
23512754	CPR:3	Arg1:T11	Arg2:T18
23512754	CPR:3	Arg1:T11	Arg2:T19
23512754	CPR:3	Arg1:T11	Arg2:T20
23512754	CPR:3	Arg1:T1	Arg2:T13
23512754	CPR:3	Arg1:T1	Arg2:T14
23512754	CPR:3	Arg1:T2	Arg2:T15
23517558	CPR:4	Arg1:T2	Arg2:T7
23517558	CPR:4	Arg1:T6	Arg2:T8
23519149	CPR:3	Arg1:T2	Arg2:T20
23519149	CPR:4	Arg1:T2	Arg2:T19
23523780	CPR:4	Arg1:T2	Arg2:T6
23523780	CPR:4	Arg1:T2	Arg2:T7
23526814	CPR:3	Arg1:T3	Arg2:T13
23526814	CPR:4	Arg1:T1	Arg2:T10
23526814	CPR:4	Arg1:T1	Arg2:T11
23526814	CPR:4	Arg1:T2	Arg2:T10
23526814	CPR:4	Arg1:T2	Arg2:T11
23526814	CPR:4	Arg1:T4	Arg2:T10
23526814	CPR:4	Arg1:T4	Arg2:T11
23526814	CPR:4	Arg1:T6	Arg2:T10
23526814	CPR:4	Arg1:T6	Arg2:T11
23526814	CPR:4	Arg1:T8	Arg2:T10
23526814	CPR:4	Arg1:T8	Arg2:T11
23526814	CPR:4	Arg1:T9	Arg2:T15
23528299	CPR:4	Arg1:T1	Arg2:T9
23528299	CPR:4	Arg1:T2	Arg2:T9
23528299	CPR:4	Arg1:T3	Arg2:T9
23528299	CPR:4	Arg1:T5	Arg2:T8
23528299	CPR:4	Arg1:T6	Arg2:T10
23530959	CPR:9	Arg1:T2	Arg2:T12
23535337	CPR:3	Arg1:T8	Arg2:T21
23535337	CPR:3	Arg1:T8	Arg2:T22
23535337	CPR:3	Arg1:T9	Arg2:T21
23535337	CPR:3	Arg1:T9	Arg2:T22
23536314	CPR:4	Arg1:T7	Arg2:T10
23536314	CPR:4	Arg1:T7	Arg2:T9
23537661	CPR:5	Arg1:T1	Arg2:T16
23537661	CPR:5	Arg1:T7	Arg2:T16
23537661	CPR:5	Arg1:T8	Arg2:T16
23541670	CPR:4	Arg1:T1	Arg2:T8
23541670	CPR:4	Arg1:T1	Arg2:T9
23541670	CPR:4	Arg1:T3	Arg2:T10
23541670	CPR:4	Arg1:T3	Arg2:T11
23542114	CPR:4	Arg1:T5	Arg2:T10
23542114	CPR:4	Arg1:T5	Arg2:T11
23542114	CPR:4	Arg1:T5	Arg2:T9
23542114	CPR:4	Arg1:T6	Arg2:T12
23542114	CPR:4	Arg1:T7	Arg2:T13
23561166	CPR:3	Arg1:T8	Arg2:T19
23561166	CPR:3	Arg1:T9	Arg2:T20
23561166	CPR:4	Arg1:T6	Arg2:T13
23561166	CPR:4	Arg1:T6	Arg2:T14
23561166	CPR:4	Arg1:T6	Arg2:T15
23561166	CPR:4	Arg1:T7	Arg2:T16
23561166	CPR:4	Arg1:T7	Arg2:T17
23561166	CPR:4	Arg1:T7	Arg2:T18
23567243	CPR:3	Arg1:T6	Arg2:T13
23567243	CPR:3	Arg1:T6	Arg2:T14
23567243	CPR:4	Arg1:T6	Arg2:T12
23570998	CPR:3	Arg1:T15	Arg2:T24
23570998	CPR:3	Arg1:T16	Arg2:T24
23570998	CPR:3	Arg1:T17	Arg2:T19
23570998	CPR:3	Arg1:T17	Arg2:T20
23570998	CPR:3	Arg1:T17	Arg2:T21
23570998	CPR:3	Arg1:T17	Arg2:T22
23570998	CPR:3	Arg1:T17	Arg2:T23
23578993	CPR:3	Arg1:T12	Arg2:T41
23578993	CPR:3	Arg1:T12	Arg2:T42
23578993	CPR:3	Arg1:T3	Arg2:T38
23578993	CPR:3	Arg1:T3	Arg2:T39
23578993	CPR:3	Arg1:T3	Arg2:T40
23578993	CPR:3	Arg1:T4	Arg2:T38
23578993	CPR:3	Arg1:T4	Arg2:T39
23578993	CPR:3	Arg1:T4	Arg2:T40
23578993	CPR:4	Arg1:T5	Arg2:T38
23578993	CPR:4	Arg1:T5	Arg2:T39
23578993	CPR:4	Arg1:T5	Arg2:T40
23578993	CPR:9	Arg1:T34	Arg2:T53
23578993	CPR:9	Arg1:T34	Arg2:T54
23583258	CPR:3	Arg1:T11	Arg2:T23
23583258	CPR:3	Arg1:T11	Arg2:T24
23583258	CPR:3	Arg1:T11	Arg2:T25
23583258	CPR:3	Arg1:T12	Arg2:T23
23583258	CPR:3	Arg1:T12	Arg2:T24
23583258	CPR:3	Arg1:T12	Arg2:T25
23583258	CPR:3	Arg1:T17	Arg2:T29
23583258	CPR:3	Arg1:T17	Arg2:T30
23583258	CPR:3	Arg1:T4	Arg2:T20
23583258	CPR:3	Arg1:T4	Arg2:T21
23583258	CPR:3	Arg1:T9	Arg2:T22
23583258	CPR:4	Arg1:T2	Arg2:T29
23583258	CPR:4	Arg1:T2	Arg2:T30
23583258	CPR:4	Arg1:T3	Arg2:T29
23583258	CPR:4	Arg1:T3	Arg2:T30
23583258	CPR:4	Arg1:T8	Arg2:T22
23589329	CPR:3	Arg1:T10	Arg2:T30
23589329	CPR:3	Arg1:T10	Arg2:T31
23589329	CPR:3	Arg1:T3	Arg2:T12
23589329	CPR:3	Arg1:T3	Arg2:T13
23589329	CPR:3	Arg1:T6	Arg2:T23
23589329	CPR:3	Arg1:T6	Arg2:T25
23589329	CPR:3	Arg1:T7	Arg2:T26
23589329	CPR:3	Arg1:T8	Arg2:T26
23589329	CPR:4	Arg1:T5	Arg2:T20
23589329	CPR:4	Arg1:T5	Arg2:T21
23589329	CPR:4	Arg1:T5	Arg2:T22
23591044	CPR:3	Arg1:T5	Arg2:T36
23591044	CPR:4	Arg1:T25	Arg2:T47
23591044	CPR:4	Arg1:T26	Arg2:T47
23591044	CPR:4	Arg1:T27	Arg2:T48
23591044	CPR:4	Arg1:T27	Arg2:T49
23591044	CPR:4	Arg1:T27	Arg2:T50
23591044	CPR:4	Arg1:T28	Arg2:T48
23591044	CPR:4	Arg1:T28	Arg2:T49
23591044	CPR:4	Arg1:T28	Arg2:T50
23591044	CPR:4	Arg1:T4	Arg2:T35
23597507	CPR:6	Arg1:T12	Arg2:T21
23598363	CPR:3	Arg1:T17	Arg2:T48
23598363	CPR:3	Arg1:T17	Arg2:T49
23598363	CPR:3	Arg1:T19	Arg2:T21
23598363	CPR:3	Arg1:T1	Arg2:T24
23598363	CPR:3	Arg1:T2	Arg2:T22
23598363	CPR:3	Arg1:T2	Arg2:T23
23598363	CPR:3	Arg1:T2	Arg2:T25
23598363	CPR:3	Arg1:T4	Arg2:T28
23598363	CPR:3	Arg1:T4	Arg2:T29
23598363	CPR:3	Arg1:T6	Arg2:T34
23598363	CPR:3	Arg1:T6	Arg2:T35
23598363	CPR:3	Arg1:T6	Arg2:T36
23598363	CPR:3	Arg1:T6	Arg2:T37
23598363	CPR:3	Arg1:T6	Arg2:T38
23598363	CPR:3	Arg1:T6	Arg2:T39
23598363	CPR:3	Arg1:T7	Arg2:T41
23598363	CPR:3	Arg1:T8	Arg2:T40
23598363	CPR:3	Arg1:T8	Arg2:T41
23598363	CPR:3	Arg1:T8	Arg2:T42
23598363	CPR:3	Arg1:T8	Arg2:T43
23598363	CPR:4	Arg1:T11	Arg2:T46
23598363	CPR:4	Arg1:T11	Arg2:T47
23598363	CPR:4	Arg1:T12	Arg2:T46
23598363	CPR:4	Arg1:T12	Arg2:T47
23598363	CPR:4	Arg1:T1	Arg2:T22
23598363	CPR:4	Arg1:T1	Arg2:T23
23598363	CPR:4	Arg1:T1	Arg2:T25
23598363	CPR:4	Arg1:T2	Arg2:T24
23598363	CPR:4	Arg1:T7	Arg2:T40
23598363	CPR:4	Arg1:T7	Arg2:T42
23598363	CPR:4	Arg1:T7	Arg2:T43
23598363	CPR:4	Arg1:T9	Arg2:T44
23598363	CPR:4	Arg1:T9	Arg2:T45
23598904	CPR:9	Arg1:T1	Arg2:T26
23598904	CPR:9	Arg1:T21	Arg2:T25
23598904	CPR:9	Arg1:T21	Arg2:T29
23598904	CPR:9	Arg1:T21	Arg2:T30
23598904	CPR:9	Arg1:T22	Arg2:T25
23598904	CPR:9	Arg1:T22	Arg2:T29
23598904	CPR:9	Arg1:T22	Arg2:T30
23598904	CPR:9	Arg1:T2	Arg2:T26
23601710	CPR:4	Arg1:T1	Arg2:T7
23601710	CPR:4	Arg1:T1	Arg2:T8
23601710	CPR:4	Arg1:T5	Arg2:T11
23601710	CPR:4	Arg1:T6	Arg2:T11
23603059	CPR:3	Arg1:T11	Arg2:T29
23603059	CPR:3	Arg1:T2	Arg2:T15
23603059	CPR:3	Arg1:T3	Arg2:T16
23603059	CPR:3	Arg1:T6	Arg2:T21
23603059	CPR:3	Arg1:T6	Arg2:T22
23603059	CPR:3	Arg1:T6	Arg2:T23
23603059	CPR:4	Arg1:T1	Arg2:T12
23603059	CPR:4	Arg1:T1	Arg2:T28
23603382	CPR:3	Arg1:T12	Arg2:T19
23603382	CPR:3	Arg1:T12	Arg2:T20
23603382	CPR:3	Arg1:T9	Arg2:T15
23603382	CPR:3	Arg1:T9	Arg2:T16
23603382	CPR:3	Arg1:T9	Arg2:T17
23603382	CPR:4	Arg1:T10	Arg2:T15
23603382	CPR:4	Arg1:T10	Arg2:T16
23603382	CPR:4	Arg1:T10	Arg2:T17
23603382	CPR:4	Arg1:T10	Arg2:T18
23603382	CPR:4	Arg1:T9	Arg2:T18
23604720	CPR:4	Arg1:T10	Arg2:T11
23604720	CPR:4	Arg1:T9	Arg2:T18
23604720	CPR:4	Arg1:T9	Arg2:T19
23611809	CPR:9	Arg1:T11	Arg2:T41
23611809	CPR:9	Arg1:T12	Arg2:T41
23611809	CPR:9	Arg1:T13	Arg2:T41
23611809	CPR:9	Arg1:T14	Arg2:T41
23611809	CPR:9	Arg1:T15	Arg2:T41
23611809	CPR:9	Arg1:T16	Arg2:T41
23611809	CPR:9	Arg1:T17	Arg2:T41
23611809	CPR:9	Arg1:T18	Arg2:T41
23611809	CPR:9	Arg1:T19	Arg2:T41
23611809	CPR:9	Arg1:T28	Arg2:T45
23611809	CPR:9	Arg1:T3	Arg2:T40
23611809	CPR:9	Arg1:T4	Arg2:T30
23611809	CPR:9	Arg1:T4	Arg2:T31
23611809	CPR:9	Arg1:T4	Arg2:T33
23611809	CPR:9	Arg1:T5	Arg2:T30
23611809	CPR:9	Arg1:T5	Arg2:T31
23611809	CPR:9	Arg1:T5	Arg2:T32
23611809	CPR:9	Arg1:T5	Arg2:T33
23611809	CPR:9	Arg1:T6	Arg2:T30
23611809	CPR:9	Arg1:T6	Arg2:T31
23611809	CPR:9	Arg1:T6	Arg2:T32
23611809	CPR:9	Arg1:T6	Arg2:T33
23611809	CPR:9	Arg1:T9	Arg2:T35
23611809	CPR:9	Arg1:T9	Arg2:T36
23611809	CPR:9	Arg1:T9	Arg2:T37
23611835	CPR:4	Arg1:T1	Arg2:T22
23611835	CPR:6	Arg1:T1	Arg2:T14
23611835	CPR:6	Arg1:T1	Arg2:T16
23611835	CPR:6	Arg1:T3	Arg2:T21
23611835	CPR:6	Arg1:T4	Arg2:T21
23614643	CPR:4	Arg1:T1	Arg2:T9
23615471	CPR:3	Arg1:T6	Arg2:T36
23615471	CPR:4	Arg1:T18	Arg2:T39
23615471	CPR:4	Arg1:T6	Arg2:T19
23615471	CPR:4	Arg1:T6	Arg2:T20
23615471	CPR:4	Arg1:T6	Arg2:T21
23615471	CPR:4	Arg1:T6	Arg2:T22
23615471	CPR:4	Arg1:T6	Arg2:T23
23615471	CPR:4	Arg1:T6	Arg2:T24
23615471	CPR:4	Arg1:T6	Arg2:T25
23615471	CPR:4	Arg1:T6	Arg2:T26
23615471	CPR:4	Arg1:T6	Arg2:T27
23615471	CPR:4	Arg1:T6	Arg2:T28
23615471	CPR:4	Arg1:T6	Arg2:T29
23615471	CPR:4	Arg1:T6	Arg2:T30
23615471	CPR:4	Arg1:T6	Arg2:T31
23615471	CPR:4	Arg1:T6	Arg2:T32
23615471	CPR:4	Arg1:T6	Arg2:T33
23615471	CPR:4	Arg1:T6	Arg2:T34
23615471	CPR:4	Arg1:T6	Arg2:T35
23618921	CPR:3	Arg1:T19	Arg2:T35
23618921	CPR:3	Arg1:T19	Arg2:T36
23618921	CPR:3	Arg1:T19	Arg2:T37
23618921	CPR:3	Arg1:T19	Arg2:T38
23618921	CPR:3	Arg1:T2	Arg2:T23
23618921	CPR:3	Arg1:T2	Arg2:T24
23623750	CPR:9	Arg1:T10	Arg2:T46
23623750	CPR:9	Arg1:T10	Arg2:T47
23623750	CPR:9	Arg1:T10	Arg2:T48
23623750	CPR:9	Arg1:T10	Arg2:T49
23623750	CPR:9	Arg1:T2	Arg2:T13
23623750	CPR:9	Arg1:T2	Arg2:T14
23623750	CPR:9	Arg1:T2	Arg2:T15
23623750	CPR:9	Arg1:T3	Arg2:T13
23623750	CPR:9	Arg1:T3	Arg2:T14
23623750	CPR:9	Arg1:T3	Arg2:T15
23623750	CPR:9	Arg1:T4	Arg2:T16
23623750	CPR:9	Arg1:T5	Arg2:T16
23623750	CPR:9	Arg1:T6	Arg2:T18
23623750	CPR:9	Arg1:T7	Arg2:T18
23623750	CPR:9	Arg1:T8	Arg2:T19
23623750	CPR:9	Arg1:T8	Arg2:T22
23623750	CPR:9	Arg1:T8	Arg2:T23
23623750	CPR:9	Arg1:T8	Arg2:T24
23623750	CPR:9	Arg1:T8	Arg2:T25
23625915	CPR:3	Arg1:T4	Arg2:T38
23625915	CPR:3	Arg1:T4	Arg2:T39
23625915	CPR:4	Arg1:T4	Arg2:T40
23625915	CPR:4	Arg1:T7	Arg2:T41
23625915	CPR:4	Arg1:T9	Arg2:T46
23625915	CPR:4	Arg1:T9	Arg2:T48
23625915	CPR:4	Arg1:T9	Arg2:T49
23628605	CPR:9	Arg1:T1	Arg2:T22
23628605	CPR:9	Arg1:T4	Arg2:T24
23631440	CPR:4	Arg1:T1	Arg2:T11
23631440	CPR:4	Arg1:T2	Arg2:T12
23631440	CPR:4	Arg1:T2	Arg2:T13
23631440	CPR:4	Arg1:T2	Arg2:T14
23631440	CPR:4	Arg1:T2	Arg2:T15
23631440	CPR:4	Arg1:T3	Arg2:T11
23631440	CPR:4	Arg1:T7	Arg2:T11
23631440	CPR:4	Arg1:T9	Arg2:T21
23638842	CPR:4	Arg1:T1	Arg2:T10
23638842	CPR:4	Arg1:T1	Arg2:T11
23638842	CPR:4	Arg1:T1	Arg2:T12
23638842	CPR:4	Arg1:T1	Arg2:T13
23638842	CPR:4	Arg1:T1	Arg2:T8
23638842	CPR:4	Arg1:T1	Arg2:T9
23638842	CPR:9	Arg1:T3	Arg2:T14
23638842	CPR:9	Arg1:T4	Arg2:T14
23639191	CPR:3	Arg1:T10	Arg2:T28
23639191	CPR:3	Arg1:T10	Arg2:T29
23639191	CPR:3	Arg1:T12	Arg2:T30
23639191	CPR:3	Arg1:T8	Arg2:T26
23639191	CPR:3	Arg1:T8	Arg2:T27
23639191	CPR:4	Arg1:T17	Arg2:T33
23639191	CPR:4	Arg1:T17	Arg2:T34
23639191	CPR:4	Arg1:T17	Arg2:T35
23639191	CPR:4	Arg1:T7	Arg2:T25
23639249	CPR:3	Arg1:T10	Arg2:T21
23639249	CPR:3	Arg1:T10	Arg2:T22
23639249	CPR:3	Arg1:T11	Arg2:T23
23639249	CPR:3	Arg1:T12	Arg2:T23
23639249	CPR:3	Arg1:T14	Arg2:T29
23639249	CPR:3	Arg1:T14	Arg2:T30
23639249	CPR:3	Arg1:T1	Arg2:T15
23639249	CPR:3	Arg1:T1	Arg2:T16
23639249	CPR:3	Arg1:T2	Arg2:T15
23639249	CPR:3	Arg1:T2	Arg2:T16
23639249	CPR:3	Arg1:T3	Arg2:T17
23639249	CPR:3	Arg1:T4	Arg2:T18
23639249	CPR:3	Arg1:T5	Arg2:T18
23639249	CPR:3	Arg1:T6	Arg2:T19
23639249	CPR:3	Arg1:T9	Arg2:T21
23639249	CPR:3	Arg1:T9	Arg2:T22
23639249	CPR:4	Arg1:T13	Arg2:T25
23639249	CPR:4	Arg1:T13	Arg2:T27
23639249	CPR:4	Arg1:T13	Arg2:T28
23639626	CPR:3	Arg1:T14	Arg2:T34
23639626	CPR:3	Arg1:T14	Arg2:T35
23639626	CPR:3	Arg1:T16	Arg2:T36
23639626	CPR:3	Arg1:T5	Arg2:T25
23639626	CPR:4	Arg1:T12	Arg2:T30
23639626	CPR:4	Arg1:T12	Arg2:T31
23639626	CPR:4	Arg1:T12	Arg2:T32
23639626	CPR:4	Arg1:T2	Arg2:T20
2386945	CPR:4	Arg1:T15	Arg2:T42
2386945	CPR:6	Arg1:T12	Arg2:T41
2386945	CPR:6	Arg1:T13	Arg2:T41
2386945	CPR:6	Arg1:T8	Arg2:T40
2386945	CPR:6	Arg1:T9	Arg2:T40
2506486	CPR:4	Arg1:T10	Arg2:T39
2506486	CPR:4	Arg1:T11	Arg2:T40
2506486	CPR:4	Arg1:T11	Arg2:T41
2506486	CPR:4	Arg1:T13	Arg2:T42
2506486	CPR:4	Arg1:T9	Arg2:T37
2506486	CPR:4	Arg1:T9	Arg2:T38
2506486	CPR:9	Arg1:T1	Arg2:T36
2506486	CPR:9	Arg1:T31	Arg2:T36
2832297	CPR:3	Arg1:T2	Arg2:T9
2832297	CPR:4	Arg1:T2	Arg2:T7
2857786	CPR:4	Arg1:T14	Arg2:T21
2857786	CPR:4	Arg1:T15	Arg2:T17
2857786	CPR:4	Arg1:T15	Arg2:T19
2857786	CPR:4	Arg1:T1	Arg2:T20
2857786	CPR:5	Arg1:T2	Arg2:T17
2857786	CPR:6	Arg1:T15	Arg2:T19
2857786	CPR:6	Arg1:T1	Arg2:T18
2891463	CPR:4	Arg1:T2	Arg2:T28
2891463	CPR:4	Arg1:T3	Arg2:T28
2891463	CPR:4	Arg1:T4	Arg2:T28
3094574	CPR:4	Arg1:T18	Arg2:T35
3094574	CPR:4	Arg1:T19	Arg2:T35
3094574	CPR:4	Arg1:T20	Arg2:T35
3094574	CPR:4	Arg1:T22	Arg2:T36
3094574	CPR:9	Arg1:T10	Arg2:T28
3094574	CPR:9	Arg1:T12	Arg2:T27
3094574	CPR:9	Arg1:T23	Arg2:T27
3094574	CPR:9	Arg1:T26	Arg2:T37
3094574	CPR:9	Arg1:T9	Arg2:T28
3146348	CPR:3	Arg1:T3	Arg2:T13
3146348	CPR:3	Arg1:T3	Arg2:T15
3146348	CPR:3	Arg1:T3	Arg2:T19
3146348	CPR:3	Arg1:T3	Arg2:T23
3146348	CPR:3	Arg1:T4	Arg2:T13
3146348	CPR:3	Arg1:T4	Arg2:T15
3146348	CPR:3	Arg1:T4	Arg2:T19
3146348	CPR:3	Arg1:T4	Arg2:T23
3146348	CPR:4	Arg1:T1	Arg2:T11
3146348	CPR:4	Arg1:T2	Arg2:T13
3146348	CPR:4	Arg1:T2	Arg2:T15
3146348	CPR:4	Arg1:T2	Arg2:T19
3146348	CPR:4	Arg1:T2	Arg2:T23
7500004	CPR:3	Arg1:T20	Arg2:T37
7500004	CPR:3	Arg1:T26	Arg2:T38
7500004	CPR:4	Arg1:T22	Arg2:T37
7500004	CPR:4	Arg1:T25	Arg2:T38
7500004	CPR:9	Arg1:T6	Arg2:T30
7554708	CPR:4	Arg1:T17	Arg2:T25
7554708	CPR:4	Arg1:T17	Arg2:T28
7554708	CPR:4	Arg1:T4	Arg2:T24
7554708	CPR:4	Arg1:T8	Arg2:T26
7554708	CPR:4	Arg1:T8	Arg2:T27
7554708	CPR:9	Arg1:T16	Arg2:T31
7554708	CPR:9	Arg1:T16	Arg2:T32
7554708	CPR:9	Arg1:T5	Arg2:T24
7554708	CPR:9	Arg1:T7	Arg2:T24
7714410	CPR:6	Arg1:T22	Arg2:T25
7756657	CPR:4	Arg1:T1	Arg2:T2
7825862	CPR:4	Arg1:T1	Arg2:T13
7825862	CPR:4	Arg1:T2	Arg2:T13
7825862	CPR:4	Arg1:T3	Arg2:T13
7825862	CPR:4	Arg1:T5	Arg2:T15
7825862	CPR:4	Arg1:T6	Arg2:T15
7825862	CPR:4	Arg1:T7	Arg2:T16
7825862	CPR:9	Arg1:T10	Arg2:T17
7825862	CPR:9	Arg1:T9	Arg2:T17
7902561	CPR:3	Arg1:T14	Arg2:T18
8032658	CPR:4	Arg1:T50	Arg2:T69
8032658	CPR:5	Arg1:T10	Arg2:T61
8032658	CPR:5	Arg1:T10	Arg2:T62
8032658	CPR:5	Arg1:T11	Arg2:T61
8032658	CPR:5	Arg1:T11	Arg2:T62
8032658	CPR:5	Arg1:T12	Arg2:T61
8032658	CPR:5	Arg1:T12	Arg2:T62
8032658	CPR:5	Arg1:T8	Arg2:T61
8032658	CPR:5	Arg1:T8	Arg2:T62
8032658	CPR:5	Arg1:T9	Arg2:T61
8032658	CPR:5	Arg1:T9	Arg2:T62
8294418	CPR:3	Arg1:T10	Arg2:T27
8294418	CPR:3	Arg1:T9	Arg2:T27
8294418	CPR:4	Arg1:T11	Arg2:T27
8294418	CPR:4	Arg1:T12	Arg2:T28
8294418	CPR:4	Arg1:T12	Arg2:T30
8294418	CPR:4	Arg1:T14	Arg2:T31
8294418	CPR:4	Arg1:T15	Arg2:T31
8294418	CPR:4	Arg1:T16	Arg2:T33
8294418	CPR:4	Arg1:T17	Arg2:T33
8294418	CPR:4	Arg1:T18	Arg2:T34
8294418	CPR:4	Arg1:T1	Arg2:T25
8294418	CPR:4	Arg1:T20	Arg2:T37
8294418	CPR:4	Arg1:T2	Arg2:T25
8294418	CPR:4	Arg1:T3	Arg2:T29
8294418	CPR:4	Arg1:T3	Arg2:T35
8294418	CPR:4	Arg1:T4	Arg2:T26
8294418	CPR:4	Arg1:T5	Arg2:T26
8294418	CPR:4	Arg1:T8	Arg2:T29
8294418	CPR:4	Arg1:T8	Arg2:T35
8384716	CPR:4	Arg1:T12	Arg2:T28
8384716	CPR:5	Arg1:T6	Arg2:T25
8425287	CPR:3	Arg1:T28	Arg2:T41
8425287	CPR:4	Arg1:T10	Arg2:T35
8425287	CPR:4	Arg1:T13	Arg2:T36
8425287	CPR:6	Arg1:T8	Arg2:T34
8566141	CPR:3	Arg1:T10	Arg2:T25
8566141	CPR:3	Arg1:T11	Arg2:T26
8566141	CPR:3	Arg1:T14	Arg2:T28
8566141	CPR:3	Arg1:T17	Arg2:T31
8566141	CPR:3	Arg1:T1	Arg2:T24
8566141	CPR:3	Arg1:T2	Arg2:T24
8566141	CPR:3	Arg1:T3	Arg2:T20
8566141	CPR:4	Arg1:T7	Arg2:T25
8566141	CPR:4	Arg1:T9	Arg2:T25
8566141	CPR:6	Arg1:T13	Arg2:T27
8566141	CPR:6	Arg1:T7	Arg2:T22
8566141	CPR:6	Arg1:T9	Arg2:T23
8697470	CPR:4	Arg1:T1	Arg2:T14
8697470	CPR:4	Arg1:T1	Arg2:T15
8697470	CPR:4	Arg1:T2	Arg2:T14
8697470	CPR:4	Arg1:T2	Arg2:T15
8710929	CPR:4	Arg1:T10	Arg2:T19
8710929	CPR:4	Arg1:T11	Arg2:T19
8710929	CPR:9	Arg1:T12	Arg2:T20
8710929	CPR:9	Arg1:T8	Arg2:T19
8710929	CPR:9	Arg1:T9	Arg2:T19
8733007	CPR:6	Arg1:T12	Arg2:T20
8733007	CPR:6	Arg1:T12	Arg2:T21
8733007	CPR:6	Arg1:T1	Arg2:T13
8733007	CPR:6	Arg1:T1	Arg2:T14
8740147	CPR:4	Arg1:T15	Arg2:T45
8740147	CPR:4	Arg1:T16	Arg2:T45
8740147	CPR:4	Arg1:T17	Arg2:T47
8740147	CPR:4	Arg1:T18	Arg2:T49
8740147	CPR:4	Arg1:T22	Arg2:T35
8740147	CPR:4	Arg1:T22	Arg2:T36
8740147	CPR:4	Arg1:T22	Arg2:T40
8740147	CPR:4	Arg1:T23	Arg2:T52
8740147	CPR:4	Arg1:T32	Arg2:T58
8740147	CPR:4	Arg1:T33	Arg2:T58
8740147	CPR:4	Arg1:T9	Arg2:T41
8740147	CPR:9	Arg1:T15	Arg2:T46
8740147	CPR:9	Arg1:T16	Arg2:T46
8740147	CPR:9	Arg1:T17	Arg2:T48
8740147	CPR:9	Arg1:T23	Arg2:T51
8740147	CPR:9	Arg1:T32	Arg2:T57
8740147	CPR:9	Arg1:T33	Arg2:T57
8836617	CPR:6	Arg1:T11	Arg2:T20
8836617	CPR:6	Arg1:T12	Arg2:T20
8836617	CPR:6	Arg1:T5	Arg2:T23
8836617	CPR:6	Arg1:T6	Arg2:T23
8836617	CPR:6	Arg1:T8	Arg2:T24
8836617	CPR:6	Arg1:T9	Arg2:T24
9486667	CPR:4	Arg1:T10	Arg2:T26
9486667	CPR:4	Arg1:T10	Arg2:T28
9486667	CPR:4	Arg1:T11	Arg2:T26
9486667	CPR:4	Arg1:T11	Arg2:T28
9486667	CPR:4	Arg1:T16	Arg2:T40
9486667	CPR:4	Arg1:T16	Arg2:T41
9486667	CPR:4	Arg1:T8	Arg2:T26
9486667	CPR:4	Arg1:T8	Arg2:T28
9486667	CPR:4	Arg1:T9	Arg2:T26
9486667	CPR:4	Arg1:T9	Arg2:T28
9521275	CPR:4	Arg1:T4	Arg2:T10
9631585	CPR:4	Arg1:T1	Arg2:T8
9631585	CPR:4	Arg1:T2	Arg2:T8
9631585	CPR:4	Arg1:T5	Arg2:T12
9631585	CPR:4	Arg1:T6	Arg2:T12
9673855	CPR:4	Arg1:T12	Arg2:T36
9673855	CPR:4	Arg1:T13	Arg2:T37
9673855	CPR:4	Arg1:T1	Arg2:T40
9673855	CPR:4	Arg1:T1	Arg2:T41
9673855	CPR:4	Arg1:T25	Arg2:T39
9673855	CPR:4	Arg1:T2	Arg2:T40
9673855	CPR:4	Arg1:T2	Arg2:T41
9710435	CPR:4	Arg1:T25	Arg2:T35
9710435	CPR:4	Arg1:T3	Arg2:T29
9710435	CPR:4	Arg1:T4	Arg2:T30
9710435	CPR:4	Arg1:T6	Arg2:T31
9710435	CPR:4	Arg1:T6	Arg2:T32
9710435	CPR:4	Arg1:T6	Arg2:T33
9710435	CPR:4	Arg1:T7	Arg2:T31
9710435	CPR:4	Arg1:T7	Arg2:T32
9710435	CPR:4	Arg1:T7	Arg2:T33
9832994	CPR:3	Arg1:T17	Arg2:T27
9832994	CPR:3	Arg1:T17	Arg2:T28
9832994	CPR:6	Arg1:T14	Arg2:T25
9832994	CPR:6	Arg1:T14	Arg2:T26
9832994	CPR:6	Arg1:T6	Arg2:T23
9832994	CPR:6	Arg1:T6	Arg2:T24
9832994	CPR:6	Arg1:T7	Arg2:T23
9832994	CPR:6	Arg1:T7	Arg2:T24
9851542	CPR:4	Arg1:T12	Arg2:T33
9851542	CPR:4	Arg1:T19	Arg2:T32
9851542	CPR:4	Arg1:T21	Arg2:T32
9851542	CPR:4	Arg1:T2	Arg2:T32
9851542	CPR:6	Arg1:T17	Arg2:T34
9851542	CPR:6	Arg1:T20	Arg2:T35
9851542	CPR:6	Arg1:T3	Arg2:T24
9851542	CPR:6	Arg1:T4	Arg2:T25
9851542	CPR:6	Arg1:T5	Arg2:T26
9851542	CPR:6	Arg1:T6	Arg2:T27
9876137	CPR:4	Arg1:T1	Arg2:T10
9876137	CPR:4	Arg1:T1	Arg2:T15
9876137	CPR:4	Arg1:T5	Arg2:T13
9876137	CPR:4	Arg1:T5	Arg2:T14
9876137	CPR:4	Arg1:T5	Arg2:T16
9876137	CPR:4	Arg1:T6	Arg2:T16
9876137	CPR:4	Arg1:T8	Arg2:T23
