23538162	T1	CHEMICAL	1305	1308	Rg1
23538162	T2	CHEMICAL	291	306	Ginsenoside Rg1
23538162	T3	CHEMICAL	308	311	Rg1
23538162	T4	CHEMICAL	549	552	Rg1
23538162	T5	CHEMICAL	581	584	Rg1
23538162	T6	CHEMICAL	730	738	nitrogen
23538162	T7	CHEMICAL	873	878	RU486
23538162	T8	CHEMICAL	898	903	U0126
23538162	T9	CHEMICAL	916	924	estrogen
23538162	T10	CHEMICAL	947	957	ICI 82,780
23538162	T11	CHEMICAL	1002	1005	Rg1
23538162	T12	CHEMICAL	72	87	ginsenoside Rg1
23538162	T13	GENE-Y	1330	1337	Aβ25-35
23538162	T14	GENE-Y	1391	1393	GR
23538162	T15	GENE-N	1394	1397	ERK
23538162	T16	GENE-Y	186	195	β-amyloid
23538162	T17	GENE-Y	197	199	Aβ
23538162	T18	GENE-Y	500	502	Aβ
23538162	T19	GENE-Y	600	607	Aβ25-35
23538162	T20	GENE-Y	677	683	HIF-1α
23538162	T21	GENE-Y	833	856	glucocorticoid receptor
23538162	T22	GENE-Y	858	860	GR
23538162	T23	GENE-N	882	887	p-ERK
23538162	T24	GENE-Y	916	935	estrogen receptor α
23538162	T25	GENE-Y	1024	1031	Aβ25-35
23538162	T26	GENE-Y	1088	1090	GR
23538162	T27	GENE-N	1101	1104	ERK
23538162	T28	GENE-Y	1151	1157	HIF-1α
23538162	T29	GENE-Y	107	124	β-amyloid peptide
23538162	T30	GENE-Y	11	34	glucocorticoid receptor
23538162	T31	GENE-N	35	38	ERK
17484506	T1	CHEMICAL	691	705	levonorgestrel
17484506	T2	CHEMICAL	818	826	estrogen
17484506	T3	CHEMICAL	831	843	progesterone
17484506	T4	GENE-N	1116	1146	gonadotropin-releasing hormone
17484506	T5	GENE-Y	737	746	aromatase
17484506	T6	GENE-N	818	852	estrogen and progesterone receptor
12453616	T1	CHEMICAL	213	228	methamphetamine
12453616	T2	CHEMICAL	230	234	METH
12453616	T3	CHEMICAL	396	400	METH
12453616	T4	CHEMICAL	612	615	GTP
12453616	T5	CHEMICAL	795	799	METH
12453616	T6	CHEMICAL	0	15	Methamphetamine
12453616	T7	GENE-Y	284	296	alpha(2A)-AR
12453616	T8	GENE-Y	418	430	alpha(2A)-AR
12453616	T9	GENE-N	511	530	adrenergic receptor
12453616	T10	GENE-N	138	167	alpha(2)-adrenergic receptors
12453616	T11	GENE-Y	532	544	alpha(1D)-AR
12453616	T12	GENE-Y	591	632	alpha(o)-subunits of GTP-binding proteins
12453616	T13	GENE-Y	634	643	Galpha(o)
12453616	T14	GENE-Y	681	693	alpha(2A)-AR
12453616	T15	GENE-N	169	171	AR
12453616	T16	GENE-Y	848	860	alpha(2A)-AR
12453616	T17	GENE-Y	42	71	alpha(2A)-adrenergic receptor
12453616	T18	GENE-Y	76	85	Galpha(o)
23360475	T1	CHEMICAL	1132	1144	tryptanthrin
23360475	T2	CHEMICAL	210	222	tryptanthrin
23360475	T3	CHEMICAL	1251	1263	tryptanthrin
23360475	T4	CHEMICAL	1589	1601	tryptanthrin
23360475	T5	CHEMICAL	126	138	tryptanthrin
23360475	T6	CHEMICAL	502	514	tryptanthrin
23360475	T7	CHEMICAL	66	79	tryptanthrins
7768269	T1	CHEMICAL	1108	1117	SCH 39166
7768269	T2	CHEMICAL	1136	1143	cocaine
7768269	T3	CHEMICAL	1184	1196	dimethocaine
7768269	T4	CHEMICAL	1201	1208	cocaine
7768269	T5	CHEMICAL	1214	1224	raclopride
7768269	T6	CHEMICAL	1261	1268	cocaine
7768269	T7	CHEMICAL	1328	1338	raclopride
7768269	T8	CHEMICAL	1347	1354	cocaine
7768269	T9	CHEMICAL	1400	1412	dimethocaine
7768269	T10	CHEMICAL	1447	1455	procaine
7768269	T11	CHEMICAL	1473	1487	chloroprocaine
7768269	T12	CHEMICAL	1510	1517	cocaine
7768269	T13	CHEMICAL	1565	1573	dopamine
7768269	T14	CHEMICAL	300	308	dopamine
7768269	T15	CHEMICAL	577	584	cocaine
7768269	T16	CHEMICAL	652	664	Dimethocaine
7768269	T17	CHEMICAL	724	731	cocaine
7768269	T18	CHEMICAL	742	754	dimethocaine
7768269	T19	CHEMICAL	771	778	cocaine
7768269	T20	CHEMICAL	836	843	cocaine
7768269	T21	CHEMICAL	886	894	dopamine
7768269	T22	CHEMICAL	166	173	cocaine
7768269	T23	CHEMICAL	918	927	SCH 39166
7768269	T24	CHEMICAL	929	1027	(-)-trans-6,7,7a,8,9,13b-hexahydro-3-chloro-2-hydroxy-N-methyl-5H -benzo [d]naphtho-(2,1-b)azepine
7768269	T25	CHEMICAL	1037	1045	dopamine
7768269	T26	CHEMICAL	1069	1079	raclopride
7768269	T27	GENE-Y	300	320	dopamine transporter
7768269	T28	GENE-Y	886	906	dopamine D1 receptor
7768269	T29	GENE-Y	1037	1057	dopamine D2 receptor
15110853	T1	CHEMICAL	249	288	aromatic/heterocyclic aminosulfonamides
15110853	T2	CHEMICAL	152	186	aromatic/heterocyclic sulfonamides
15110853	T3	CHEMICAL	298	312	acyl chlorides
15110853	T4	CHEMICAL	326	353	adamantyl-1-carboxylic acid
15110853	T5	CHEMICAL	358	381	1-adamantyl-acetic acid
15110853	T6	CHEMICAL	442	459	aminosulfonamides
15110853	T7	CHEMICAL	465	485	adamantyl isocyanate
15110853	T8	CHEMICAL	490	514	adamantyl isothiocyanate
15110853	T9	CHEMICAL	741	754	acetazolamide
15110853	T10	CHEMICAL	201	210	adamantyl
15110853	T11	CHEMICAL	759	772	methazolamide
15110853	T12	CHEMICAL	31	69	aromatic and heterocyclic sulfonamides
15110853	T13	CHEMICAL	84	93	adamantyl
15110853	T14	GENE-N	599	607	human CA
15110853	T15	GENE-Y	664	668	CA I
15110853	T16	GENE-Y	674	679	CA II
15110853	T17	GENE-N	804	806	CA
15110853	T18	GENE-N	1060	1062	CA
15110853	T19	GENE-N	0	18	Carbonic anhydrase
23174265	T1	CHEMICAL	1428	1432	5-HT
23174265	T2	CHEMICAL	331	335	5-HT
23174265	T3	CHEMICAL	632	639	CP55940
23174265	T4	CHEMICAL	1000	1007	JTE-907
23174265	T5	CHEMICAL	222	226	5-HT
23174265	T6	CHEMICAL	110	114	5-HT
23174265	T7	GENE-N	1166	1186	cannabinoid receptor
23174265	T8	GENE-Y	1211	1223	β-Arrestin 2
23174265	T9	GENE-Y	1274	1279	CB(2)
23174265	T10	GENE-Y	1304	1316	β-Arrestin 2
23174265	T11	GENE-N	254	260	ERK1/2
23174265	T12	GENE-N	1384	1390	ERK1/2
23174265	T13	GENE-Y	1428	1436	5-HT(2A)
23174265	T14	GENE-Y	1452	1457	CB(2)
23174265	T15	GENE-Y	1492	1504	β-Arrestin 2
23174265	T16	GENE-N	1548	1554	ERK1/2
23174265	T17	GENE-Y	1579	1583	AP-1
23174265	T18	GENE-Y	1725	1730	CB(2)
23174265	T19	GENE-Y	331	339	5-HT(2A)
23174265	T20	GENE-N	502	508	ERK1/2
23174265	T21	GENE-Y	171	201	cannabinoid 2 (CB(2)) receptor
23174265	T22	GENE-Y	706	718	β-Arrestin 2
23174265	T23	GENE-N	723	729	ERK1/2
23174265	T24	GENE-N	740	744	pERK
23174265	T25	GENE-Y	788	800	β-Arrestin 2
23174265	T26	GENE-Y	883	888	CB(2)
23174265	T27	GENE-Y	918	930	β-Arrestin 2
23174265	T28	GENE-Y	974	979	CB(2)
23174265	T29	GENE-Y	1012	1017	CB(2)
23174265	T30	GENE-Y	222	230	5-HT(2A)
23174265	T31	GENE-N	1105	1111	ERK1/2
23174265	T32	GENE-Y	1121	1125	AP-1
23174265	T33	GENE-Y	110	118	5-HT(2A)
23174265	T34	GENE-Y	54	66	β-Arrestin 2
23174265	T35	GENE-N	71	77	ERK1/2
23174265	T36	GENE-Y	93	105	β-Arrestin 2
23458420	T1	CHEMICAL	460	463	ThT
23458420	T2	CHEMICAL	576	579	ThT
23458420	T3	CHEMICAL	615	618	ThT
23458420	T4	CHEMICAL	670	673	ThT
23458420	T5	CHEMICAL	758	761	ThT
23458420	T6	CHEMICAL	780	783	ThT
23458420	T7	CHEMICAL	814	817	ThT
23458420	T8	CHEMICAL	209	212	ThT
23458420	T9	CHEMICAL	0	12	Thioflavin T
23458420	T10	GENE-Y	844	851	insulin
23477624	T1	CHEMICAL	116	127	Polycalcium
23477624	T2	CHEMICAL	1228	1232	DPYR
23477624	T3	CHEMICAL	1264	1266	Ca
23477624	T4	CHEMICAL	1280	1281	P
23477624	T5	CHEMICAL	1553	1564	Polycalcium
23477624	T6	CHEMICAL	1644	1655	Polycalcium
23477624	T7	CHEMICAL	359	370	Polycalcium
23477624	T8	CHEMICAL	477	488	Polycalcium
23477624	T9	CHEMICAL	156	181	calcium lactate-gluconate
23477624	T10	CHEMICAL	545	562	deoxypyridinoline
23477624	T11	CHEMICAL	564	568	DPYR
23477624	T12	CHEMICAL	671	672	C
23477624	T13	CHEMICAL	732	733	N
23477624	T14	CHEMICAL	772	779	calcium
23477624	T15	CHEMICAL	781	783	Ca
23477624	T16	CHEMICAL	790	800	phosphorus
23477624	T17	CHEMICAL	802	803	P
23477624	T18	CHEMICAL	884	895	Polycalcium
23477624	T19	CHEMICAL	914	925	Polycalcium
23477624	T20	CHEMICAL	1070	1072	Ca
23477624	T21	CHEMICAL	1084	1085	P
23477624	T22	CHEMICAL	23	34	polycalcium
23477624	T23	GENE-N	1240	1243	CTx
23477624	T24	GENE-N	1251	1254	NTx
23477624	T25	GENE-Y	588	599	osteocalcin
23477624	T26	GENE-Y	601	604	OSC
23477624	T27	GENE-Y	607	641	bone-specific alkaline phosphatase
23477624	T28	GENE-Y	643	647	BALP
23477624	T29	GENE-N	671	703	C-telopeptide of type-1 collagen
23477624	T30	GENE-N	705	708	CTx
23477624	T31	GENE-N	732	764	N-telopeptide of type-1 collagen
23477624	T32	GENE-N	766	769	NTx
23477624	T33	GENE-Y	1053	1056	OSC
23477624	T34	GENE-Y	1058	1062	BALP
23494186	T1	CHEMICAL	260	267	HMG-CoA
23494186	T2	CHEMICAL	140	151	cholesterol
23494186	T3	CHEMICAL	671	680	ezetimibe
23494186	T4	CHEMICAL	682	691	bile acid
23494186	T5	CHEMICAL	708	716	fibrates
23494186	T6	CHEMICAL	4	15	Cholesterol
23494186	T7	GENE-Y	260	277	HMG-CoA reductase
23494186	T8	GENE-N	336	339	LDL
23494186	T9	GENE-N	116	139	low-density lipoprotein
23494186	T10	GENE-N	594	597	LDL
23494186	T11	GENE-N	644	647	LDL
23494186	T12	GENE-N	153	156	LDL
23494186	T13	GENE-N	769	772	LDL
23494186	T14	GENE-N	876	879	LDL
23494186	T15	GENE-N	0	3	LDL
23578391	T1	CHEMICAL	1176	1195	tetraiiodothyronine
23578391	T2	CHEMICAL	1519	1524	PBDEs
23578391	T3	CHEMICAL	410	415	PBDEs
23578391	T4	CHEMICAL	443	463	2,2',4,4',5-pentaBDE
23578391	T5	CHEMICAL	186	216	polybrominated diphenyl ethers
23578391	T6	CHEMICAL	465	471	BDE-99
23578391	T7	CHEMICAL	522	528	BDE-99
23578391	T8	CHEMICAL	713	728	thyroid hormone
23578391	T9	CHEMICAL	218	223	PBDEs
23578391	T10	CHEMICAL	947	953	BDE-99
23578391	T11	CHEMICAL	1153	1169	triiodothyronine
23578391	T12	CHEMICAL	22	28	BDE-99
23578391	T13	CHEMICAL	75	90	thyroid hormone
23578391	T14	GENE-N	1301	1304	TRs
23578391	T15	GENE-Y	1358	1362	BDNF
23578391	T16	GENE-Y	639	672	brain-derived neurotrophic factor
23578391	T17	GENE-Y	674	678	BDNF
23578391	T18	GENE-N	713	743	thyroid hormone (TH) receptors
23578391	T19	GENE-N	745	748	TRs
23578391	T20	GENE-Y	102	106	BDNF
23615073	T1	CHEMICAL	1185	1194	vitamin C
23615073	T2	CHEMICAL	1215	1224	vitamin C
23615073	T3	CHEMICAL	1328	1337	vitamin C
23615073	T4	CHEMICAL	266	275	vitamin C
23615073	T5	CHEMICAL	519	528	vitamin C
23615073	T6	CHEMICAL	842	851	vitamin C
23615073	T7	CHEMICAL	1034	1043	vitamin C
23615073	T8	CHEMICAL	0	9	Vitamin C
23615073	T9	GENE-Y	1118	1123	c-Rel
23615073	T10	GENE-Y	1264	1269	c-Rel
23615073	T11	GENE-N	215	220	NF-κB
23615073	T12	GENE-N	1361	1366	NF-κB
23615073	T13	GENE-N	334	339	NF-κB
23615073	T14	GENE-Y	380	385	I-κBε
23615073	T15	GENE-Y	415	420	c-Rel
23615073	T16	GENE-Y	421	424	p50
23615073	T17	GENE-N	557	562	NF-κB
23615073	T18	GENE-N	594	599	NF-κB
23615073	T19	GENE-Y	699	704	I-κBε
23615073	T20	GENE-Y	738	743	c-Rel
23615073	T21	GENE-N	940	945	NF-κB
23615073	T22	GENE-Y	959	964	I-κBε
23615073	T23	GENE-Y	981	986	c-Rel
23615073	T24	GENE-N	45	50	NF-κB
23339966	T1	CHEMICAL	165	245	5-((1-aroyl-1H-indol-3-yl)methylene)-2-thioxodihydropyrimidine-4,6(1H,5H)-diones
23339966	T2	CHEMICAL	656	657	N
23339966	T3	CHEMICAL	658	667	naphthoyl
23339966	T4	CHEMICAL	1085	1093	hydrogen
23339966	T5	CHEMICAL	0	80	5-((1-Aroyl-1H-indol-3-yl)methylene)-2-thioxodihydropyrimidine-4,6(1H,5H)-diones
23339966	T6	GENE-Y	1002	1007	COX-2
23339966	T7	GENE-Y	1043	1048	COX-2
10471277	T1	CHEMICAL	135	145	Salmeterol
10471277	T2	CHEMICAL	1248	1259	[(125)I]IAS
10471277	T3	CHEMICAL	1285	1299	(-)-alprenolol
10471277	T4	CHEMICAL	1329	1332	GTP
10471277	T5	CHEMICAL	1346	1355	[125I]IAS
10471277	T6	CHEMICAL	1467	1496	[125I]iodoazidobenzylpindolol
10471277	T7	CHEMICAL	1498	1508	[125I]IABP
10471277	T8	CHEMICAL	1550	1556	nickel
10471277	T9	CHEMICAL	1762	1772	[125I]IABP
10471277	T10	CHEMICAL	1796	1797	N
10471277	T11	CHEMICAL	1870	1871	C
10471277	T12	CHEMICAL	1939	1948	[125I]IAS
10471277	T13	CHEMICAL	318	328	salmeterol
10471277	T14	CHEMICAL	1977	1978	C
10471277	T15	CHEMICAL	2076	2086	salmeterol
10471277	T16	CHEMICAL	2126	2138	aryloxyalkyl
10471277	T17	CHEMICAL	2192	2195	IAS
10471277	T18	CHEMICAL	472	482	salmeterol
10471277	T19	CHEMICAL	517	523	phenyl
10471277	T20	CHEMICAL	566	576	salmeterol
10471277	T21	CHEMICAL	667	694	[(125)I]iodoazidosalmeterol
10471277	T22	CHEMICAL	696	705	[125I]IAS
10471277	T23	CHEMICAL	718	726	adenylyl
10471277	T24	CHEMICAL	761	769	adenylyl
10471277	T25	CHEMICAL	860	863	IAS
10471277	T26	CHEMICAL	884	894	salmeterol
10471277	T27	CHEMICAL	957	962	azide
10471277	T28	CHEMICAL	966	969	IAS
10471277	T29	CHEMICAL	991	997	phenyl
10471277	T30	CHEMICAL	1110	1119	[125I]IAS
10471277	T31	CHEMICAL	106	133	[(125)I]iodoazidosalmeterol
10471277	T33	GENE-N	1158	1172	human beta 2AR
10471277	T34	GENE-N	1412	1420	beta 2AR
10471277	T35	GENE-N	1590	1599	factor Xa
10471277	T36	GENE-N	2211	2219	beta 2AR
10471277	T37	GENE-N	163	188	beta2-adrenergic receptor
10471277	T38	GENE-N	584	592	beta 2AR
10471277	T39	GENE-N	190	198	beta 2AR
10471277	T40	GENE-N	43	69	beta 2-adrenergic receptor
10471277	T32	CHEMICAL	12	22	salmeterol
10471277	T41	CHEMICAL	536	551	aralkyloxyalkyl
10471277	T42	GENE-Y	718	734	adenylyl cyclase
10471277	T44	GENE-Y	761	777	adenylyl cyclase
15132128	T1	CHEMICAL	1383	1395	capecitabine
15132128	T2	CHEMICAL	206	232	fluoropyrimidine carbamate
15132128	T3	CHEMICAL	341	345	5-FU
15132128	T4	CHEMICAL	1699	1711	capecitabine
15132128	T5	CHEMICAL	388	399	thymidylate
15132128	T6	CHEMICAL	436	453	dihydropyrimidine
15132128	T7	CHEMICAL	558	562	5-FU
15132128	T8	CHEMICAL	234	246	capecitabine
15132128	T9	CHEMICAL	633	645	Capecitabine
15132128	T10	CHEMICAL	264	278	5-fluorouracil
15132128	T11	CHEMICAL	280	284	5-FU
15132128	T12	CHEMICAL	289	298	thymidine
15132128	T13	CHEMICAL	102	108	Xeloda
15132128	T14	CHEMICAL	61	87	fluoropyrimidine carbamate
15132128	T15	CHEMICAL	88	100	capecitabine
15132128	T16	GENE-Y	1234	1236	TP
15132128	T17	GENE-Y	1259	1262	DPD
15132128	T18	GENE-Y	1336	1338	TP
15132128	T19	GENE-Y	1367	1370	DPD
15132128	T20	GENE-Y	314	316	TP
15132128	T21	GENE-Y	1615	1617	TP
15132128	T22	GENE-Y	1636	1638	TS
15132128	T23	GENE-Y	1836	1838	TP
15132128	T24	GENE-Y	1840	1842	TS
15132128	T25	GENE-Y	1848	1851	DPD
15132128	T26	GENE-Y	388	408	thymidylate synthase
15132128	T27	GENE-Y	410	412	TS
15132128	T28	GENE-Y	436	467	dihydropyrimidine dehydrogenase
15132128	T29	GENE-Y	469	472	DPD
15132128	T30	GENE-Y	507	509	TP
15132128	T31	GENE-Y	518	521	DPD
15132128	T32	GENE-Y	629	631	TS
15132128	T33	GENE-Y	750	752	TP
15132128	T34	GENE-Y	754	756	TS
15132128	T35	GENE-Y	760	763	DPD
15132128	T36	GENE-Y	802	804	TP
15132128	T37	GENE-Y	806	808	TS
15132128	T38	GENE-Y	813	816	DPD
15132128	T39	GENE-Y	986	988	TP
15132128	T40	GENE-Y	990	992	TS
15132128	T41	GENE-Y	998	1001	DPD
15132128	T42	GENE-Y	1122	1124	TS
15132128	T43	GENE-Y	289	312	thymidine phosphorylase
15132128	T44	GENE-Y	1161	1163	TP
15132128	T45	GENE-Y	1191	1194	DPD
9399970	T1	CHEMICAL	1192	1211	beta-funaltrexamine
9399970	T2	CHEMICAL	1263	1271	dezocine
9399970	T3	CHEMICAL	1276	1286	nalbuphine
9399970	T4	CHEMICAL	1300	1308	morphine
9399970	T5	CHEMICAL	1313	1321	fentanyl
9399970	T6	CHEMICAL	1344	1352	naloxone
9399970	T7	CHEMICAL	1354	1373	beta-funaltrexamine
9399970	T8	CHEMICAL	258	266	dezocine
9399970	T9	CHEMICAL	1450	1458	BW373U86
9399970	T10	CHEMICAL	1463	1468	SNC80
9399970	T11	CHEMICAL	1499	1507	dezocine
9399970	T12	CHEMICAL	1593	1604	naltrindole
9399970	T13	CHEMICAL	1651	1659	dezocine
9399970	T14	CHEMICAL	1670	1681	Naltrindole
9399970	T15	CHEMICAL	1739	1747	BW373U86
9399970	T16	CHEMICAL	1752	1757	SNC80
9399970	T17	CHEMICAL	1776	1784	dezocine
9399970	T18	CHEMICAL	1805	1816	bremazocine
9399970	T19	CHEMICAL	1818	1829	spiradoline
9399970	T20	CHEMICAL	1831	1838	U50,488
9399970	T21	CHEMICAL	1843	1850	U69,593
9399970	T22	CHEMICAL	1880	1888	dezocine
9399970	T23	CHEMICAL	1930	1948	norbinaltorphimine
9399970	T24	CHEMICAL	313	321	dezocine
9399970	T25	CHEMICAL	2065	2073	dezocine
9399970	T26	CHEMICAL	426	434	dezocine
9399970	T27	CHEMICAL	561	569	fentanyl
9399970	T28	CHEMICAL	571	586	[-]-cyclazocine
9399970	T29	CHEMICAL	588	601	buprenorphine
9399970	T30	CHEMICAL	604	615	butorphanol
9399970	T31	CHEMICAL	617	628	l-methadone
9399970	T32	CHEMICAL	630	640	nalbuphine
9399970	T33	CHEMICAL	642	656	[-]-metazocine
9399970	T34	CHEMICAL	658	666	morphine
9399970	T35	CHEMICAL	669	693	(-)-N-allylnormetazocine
9399970	T36	CHEMICAL	698	714	(+)-propoxyphene
9399970	T37	CHEMICAL	745	753	dezocine
9399970	T38	CHEMICAL	840	848	Naloxone
9399970	T39	CHEMICAL	902	910	dezocine
9399970	T40	CHEMICAL	912	928	(+)-propoxyphene
9399970	T41	CHEMICAL	933	941	fentanyl
9399970	T42	CHEMICAL	985	993	naloxone
9399970	T43	CHEMICAL	1098	1106	dezocine
9399970	T44	CHEMICAL	1111	1127	(+)-propoxyphene
9399970	T45	CHEMICAL	71	79	dezocine
9399970	T46	GENE-N	2266	2301	mu, kappa or delta opioid receptors
9399970	T47	GENE-N	376	394	mu opioid receptor
9399970	T49	CHEMICAL	1395	1403	dezocine
9399970	T50	CHEMICAL	1982	1990	dezocine
9399970	T48	GENE-N	103	122	mu and delta opioid
9399970	T51	GENE-N	2116	2128	mu and delta
23195959	T1	CHEMICAL	345	352	phospho
23195959	T2	CHEMICAL	34	41	phospho
23195959	T3	GENE-N	138	141	AKT
23195959	T4	GENE-N	1192	1195	AKT
23195959	T5	GENE-N	1196	1200	E17K
23195959	T6	GENE-N	1239	1246	NEDD4-1
23195959	T7	GENE-N	1320	1323	AKT
23195959	T8	GENE-N	1382	1391	E3 ligase
23195959	T9	GENE-N	1408	1417	ubiquitin
23195959	T10	GENE-N	1439	1443	pAKT
23195959	T11	GENE-N	345	356	phospho-AKT
23195959	T12	GENE-N	358	362	pAKT
23195959	T13	GENE-N	165	171	kinase
23195959	T14	GENE-N	432	439	NEDD4-1
23195959	T15	GENE-N	451	460	E3 ligase
23195959	T16	GENE-N	489	498	ubiquitin
23195959	T17	GENE-N	524	528	pAKT
23195959	T18	GENE-Y	532	566	insulin-like growth factor (IGF)-1
23195959	T19	GENE-N	578	585	NEDD4-1
23195959	T20	GENE-N	612	615	AKT
23195959	T21	GENE-N	629	640	HECT domain
23195959	T22	GENE-N	190	194	PI3K
23195959	T23	GENE-N	694	698	AKT.
23195959	T24	GENE-N	699	706	NEDD4-1
23195959	T25	GENE-N	759	762	AKT
23195959	T26	GENE-N	817	820	AKT
23195959	T27	GENE-N	839	846	NEDD4-1
23195959	T28	GENE-N	870	874	pAKT
23195959	T29	GENE-Y	1021	1026	IGF-1
23195959	T30	GENE-N	1061	1068	NEDD4-1
23195959	T31	GENE-N	1096	1100	pAKT
23195959	T32	GENE-N	1125	1128	AKT
23195959	T33	GENE-N	0	9	Ubiquitin
23195959	T34	GENE-N	34	45	phospho-AKT
23195959	T35	GENE-N	62	81	ubiquitin E3 ligase
23195959	T36	GENE-N	83	90	NEDD4-1
23195959	T37	GENE-Y	99	127	insulin-like growth factor-1
23409951	T1	CHEMICAL	1147	1154	As(III)
23409951	T2	CHEMICAL	1165	1196	20-hydroxyeicosatetraenoic acid
23409951	T3	CHEMICAL	1279	1286	As(III)
23409951	T4	CHEMICAL	1305	1312	epoxide
23409951	T5	CHEMICAL	145	152	Arsenic
23409951	T6	CHEMICAL	1473	1480	As(III)
23409951	T7	CHEMICAL	1488	1504	arachidonic acid
23409951	T8	CHEMICAL	154	161	As(III)
23409951	T9	CHEMICAL	364	371	As(III)
23409951	T10	CHEMICAL	445	461	arachidonic acid
23409951	T11	CHEMICAL	513	520	As(III)
23409951	T12	CHEMICAL	666	673	As(III)
23409951	T13	CHEMICAL	701	726	epoxyeicosatrienoic acids
23409951	T14	CHEMICAL	728	732	EETs
23409951	T15	CHEMICAL	820	827	As(III)
23409951	T16	CHEMICAL	848	876	dihydroxyeicosatrienoic acid
23409951	T17	CHEMICAL	878	883	DHETs
23409951	T18	CHEMICAL	938	943	DHETs
23409951	T19	CHEMICAL	975	980	DHETs
23409951	T20	CHEMICAL	995	1002	As(III)
23409951	T21	CHEMICAL	227	234	arsenic
23409951	T22	CHEMICAL	6	13	arsenic
23409951	T23	CHEMICAL	62	78	arachidonic acid
23409951	T24	GENE-N	1297	1322	soluble epoxide hydrolase
23409951	T25	GENE-N	414	435	cytochrome (CYP) P450
23409951	T26	GENE-N	552	555	CYP
23409951	T27	GENE-N	556	568	epoxygenases
23409951	T28	GENE-N	570	573	CYP
23409951	T29	GENE-N	574	588	ω-hydroxylases
23409951	T30	GENE-Y	593	598	EPHX2
23409951	T31	GENE-N	1024	1036	epoxygenases
23409951	T32	GENE-N	31	46	cytochrome P450
15204055	T1	CHEMICAL	421	429	dopamine
15204055	T2	CHEMICAL	818	827	clozapine
15204055	T3	CHEMICAL	829	839	olanzapine
15204055	T4	CHEMICAL	841	852	risperidone
15204055	T5	CHEMICAL	854	864	quetiapine
15204055	T6	CHEMICAL	869	880	amisulpride
15204055	T7	CHEMICAL	1010	1019	clozapine
15204055	T8	CHEMICAL	1021	1031	olanzapine
15204055	T9	CHEMICAL	1033	1044	risperidone
15204055	T10	CHEMICAL	1070	1080	quetiapine
15204055	T11	CHEMICAL	1082	1093	amisulpride
15204055	T12	GENE-Y	1217	1223	5HT-2A
15204055	T13	GENE-Y	1354	1360	5HT-2A
15204055	T14	GENE-Y	1441	1447	5HT-2A
15204055	T15	GENE-Y	364	370	5HT-2A
15204055	T16	GENE-Y	598	604	5HT-2A
15204055	T17	GENE-Y	941	947	5HT-2A
15204055	T18	GENE-Y	993	999	5HT-2A
15204055	T19	GENE-Y	1053	1059	5HT-2A
15204055	T20	GENE-Y	85	91	5HT-2A
23220749	T1	CHEMICAL	54	65	Apomorphine
23220749	T2	CHEMICAL	1145	1156	apomorphine
23220749	T3	CHEMICAL	1300	1309	serotonin
23220749	T4	CHEMICAL	1397	1408	apomorphine
23220749	T5	CHEMICAL	1567	1578	apomorphine
23220749	T6	CHEMICAL	253	264	apomorphine
23220749	T7	CHEMICAL	461	472	apomorphine
23220749	T8	CHEMICAL	98	106	morphine
23220749	T9	CHEMICAL	636	647	apomorphine
23220749	T10	CHEMICAL	124	132	dopamine
23220749	T11	CHEMICAL	791	802	apomorphine
23220749	T12	CHEMICAL	828	839	apomorphine
23220749	T13	CHEMICAL	0	11	Apomorphine
23220749	T14	GENE-N	1181	1186	TRPA1
23220749	T15	GENE-Y	1341	1346	TRPA1
23220749	T16	GENE-Y	1369	1380	human TRPA1
23220749	T17	GENE-Y	1443	1448	TRPA1
23220749	T18	GENE-N	390	433	transient receptor potential (TRP) channels
23220749	T19	GENE-Y	493	499	rTRPV1
23220749	T20	GENE-Y	501	507	rTRPV2
23220749	T21	GENE-Y	509	515	rTRPV3
23220749	T22	GENE-Y	521	527	mTRPV4
23220749	T23	GENE-Y	540	546	hTRPM8
23220749	T24	GENE-Y	552	558	rTRPM3
23220749	T25	GENE-Y	706	712	hTRPM2
23220749	T26	GENE-Y	731	742	human TRPA1
23220749	T27	GENE-Y	1034	1039	TRPA1
23220749	T28	GENE-Y	38	43	TRPA1
23155202	T1	CHEMICAL	1158	1177	glucose-6-phosphate
23155202	T2	CHEMICAL	166	177	artemisinin
23155202	T3	CHEMICAL	1237	1248	glutathione
23155202	T4	CHEMICAL	1264	1275	glutathione
23155202	T5	CHEMICAL	275	287	lumefantrine
23155202	T6	CHEMICAL	1421	1436	malondialdehyde
23155202	T7	CHEMICAL	1438	1441	MDA
23155202	T8	CHEMICAL	289	299	artemether
23155202	T9	CHEMICAL	1526	1536	artemether
23155202	T10	CHEMICAL	1541	1553	lumefantrine
23155202	T11	CHEMICAL	300	312	lumefantrine
23155202	T12	CHEMICAL	569	577	Tween 80
23155202	T13	CHEMICAL	608	618	artemether
23155202	T14	CHEMICAL	661	673	lumefantrine
23155202	T15	CHEMICAL	723	733	artemether
23155202	T16	CHEMICAL	760	772	lumefantrine
23155202	T17	CHEMICAL	220	231	artemisinin
23155202	T18	CHEMICAL	1030	1040	artemether
23155202	T19	CHEMICAL	244	254	artemether
23155202	T20	CHEMICAL	1045	1057	lumefantrine
23155202	T21	CHEMICAL	1145	1156	glutathione
23155202	T22	CHEMICAL	33	43	artemether
23155202	T23	CHEMICAL	48	60	lumefantrine
23155202	T24	GENE-N	1158	1191	glucose-6-phosphate dehydrogenase
23155202	T25	GENE-N	1193	1197	G6PD
23155202	T26	GENE-N	1237	1259	glutathione peroxidase
23155202	T27	GENE-N	1264	1289	glutathione-s-transferase
23150485	T1	CHEMICAL	1406	1422	phosphoinositide
23150485	T2	GENE-N	1156	1175	ABCG2 gene promoter
23150485	T3	GENE-N	1214	1228	-434 GAS motif
23150485	T4	GENE-N	1248	1259	GAS element
23150485	T5	GENE-Y	1316	1319	PRL
23150485	T6	GENE-N	1369	1401	mitogen-activated protein kinase
23150485	T7	GENE-N	1406	1431	phosphoinositide-3-kinase
23150485	T8	GENE-Y	1492	1497	ABCG2
23150485	T9	GENE-Y	1501	1504	PRL
23150485	T10	GENE-Y	1522	1527	STAT5
23150485	T11	GENE-N	1547	1558	GAS element
23150485	T12	GENE-Y	1581	1585	JAK2
23150485	T13	GENE-Y	1586	1591	STAT5
23150485	T14	GENE-Y	1652	1657	ABCG2
23150485	T15	GENE-Y	1661	1664	PRL
23150485	T16	GENE-N	293	311	lactogenic hormone
23150485	T17	GENE-Y	312	321	prolactin
23150485	T18	GENE-Y	323	326	PRL
23150485	T19	GENE-Y	349	354	ABCG2
23150485	T20	GENE-Y	356	359	PRL
23150485	T21	GENE-Y	122	154	breast cancer resistance protein
23150485	T22	GENE-Y	385	390	ABCG2
23150485	T23	GENE-N	99	120	multidrug transporter
23150485	T24	GENE-Y	526	540	Janus kinase 2
23150485	T25	GENE-Y	542	546	JAK2
23150485	T26	GENE-Y	606	656	signal transducer and activator of transcription-5
23150485	T27	GENE-Y	658	663	STAT5
23150485	T28	GENE-Y	695	700	ABCG2
23150485	T29	GENE-Y	704	707	PRL
23150485	T30	GENE-Y	156	161	ABCG2
23150485	T31	GENE-Y	735	739	JAK2
23150485	T32	GENE-Y	740	745	STAT5
23150485	T33	GENE-Y	757	760	PRL
23150485	T34	GENE-Y	769	774	ABCG2
23150485	T35	GENE-Y	829	832	PRL
23150485	T36	GENE-Y	844	849	STAT5
23150485	T37	GENE-N	896	942	γ-interferon activation sequence (GAS) element
23150485	T38	GENE-Y	978	983	ABCG2
23150485	T39	GENE-N	1051	1067	-434 GAS element
23150485	T40	GENE-Y	1093	1096	PRL
23150485	T41	GENE-N	13	45	multidrug resistance transporter
23150485	T42	GENE-Y	46	51	ABCG2
23639738	T1	CHEMICAL	91	102	Cholesterol
23639738	T2	CHEMICAL	197	200	PEC
23639738	T3	CHEMICAL	426	429	PEC
23639738	T4	CHEMICAL	499	502	PEC
23639738	T5	CHEMICAL	527	530	PEC
23639738	T6	CHEMICAL	539	542	PEC
23639738	T7	CHEMICAL	566	569	PEC
23639738	T8	CHEMICAL	620	623	PEC
23639738	T9	CHEMICAL	144	168	poly(ethylene carbonate)
23639738	T10	CHEMICAL	670	673	PEC
23639738	T11	CHEMICAL	738	741	PEC
23639738	T12	CHEMICAL	863	866	PEC
23639738	T13	CHEMICAL	170	173	PEC
23639738	T14	CHEMICAL	891	894	PEC
23639738	T15	CHEMICAL	1005	1008	PEC
23639738	T16	CHEMICAL	37	61	poly(ethylene carbonate)
23639738	T17	GENE-Y	91	111	Cholesterol esterase
23639738	T18	GENE-Y	113	115	CE
23639738	T19	GENE-Y	697	699	CE
23639738	T20	GENE-Y	818	838	bovine serum albumin
23639738	T21	GENE-Y	840	843	BSA
23643664	T1	CHEMICAL	1232	1240	tyrosine
23643664	T2	CHEMICAL	1398	1402	MPTP
23643664	T3	CHEMICAL	1747	1751	MPTP
23643664	T4	CHEMICAL	346	354	dopamine
23643664	T5	CHEMICAL	465	509	1-methyl-4-phenyl-1,2,3,6-tetrahydropyridine
23643664	T6	CHEMICAL	212	220	dopamine
23643664	T7	CHEMICAL	511	515	MPTP
23643664	T8	CHEMICAL	556	560	MPTP
23643664	T9	CHEMICAL	625	632	carboxy
23643664	T10	CHEMICAL	736	740	MPTP
23643664	T11	CHEMICAL	774	778	MPTP
23643664	T12	CHEMICAL	850	854	MPTP
23643664	T13	CHEMICAL	996	1000	MPTP
23643664	T14	CHEMICAL	1084	1088	MPTP
23643664	T15	CHEMICAL	30	34	MPTP
23643664	T16	CHEMICAL	60	68	dopamine
23643664	T17	GENE-Y	1232	1252	tyrosine hydroxylase
23643664	T18	GENE-Y	1254	1256	TH
23643664	T19	GENE-Y	1262	1276	DA transporter
23643664	T20	GENE-Y	1328	1330	TH
23643664	T21	GENE-Y	1478	1480	TH
23643664	T22	GENE-Y	1582	1588	parkin
23643664	T23	GENE-Y	1593	1599	UCHL-1
23643664	T24	GENE-Y	1805	1811	UCHL-1
23643664	T25	GENE-Y	1841	1847	parkin
23643664	T26	GENE-Y	2065	2071	parkin
23643664	T27	GENE-Y	2121	2127	parkin
23643664	T28	GENE-Y	2132	2138	UCHL-1
23643664	T29	GENE-Y	604	610	parkin
23643664	T30	GENE-Y	615	655	ubiquitin carboxy-terminal hydrolase L-1
23643664	T31	GENE-Y	657	664	UCHL- 1
23643664	T32	GENE-Y	164	170	parkin
9950599	T1	CHEMICAL	1101	1123	beta-hydroxyisobutyryl
9950599	T2	CHEMICAL	1124	1134	coenzyme A
9950599	T3	CHEMICAL	1265	1269	NADH
9950599	T4	CHEMICAL	1531	1548	hydrogen peroxide
9950599	T5	CHEMICAL	464	481	hydrogen peroxide
9950599	T6	CHEMICAL	763	780	hydrogen peroxide
9950599	T7	CHEMICAL	841	874	nicotinamide adenine dinucleotide
9950599	T8	CHEMICAL	876	880	NADH
9950599	T9	CHEMICAL	976	985	glutamine
9950599	T10	GENE-Y	1101	1144	beta-hydroxyisobutyryl-coenzyme A hydrolase
9950599	T11	GENE-Y	1265	1293	NADH dehydrogenase subunit 4
9950599	T12	GENE-Y	1406	1418	cytochrome b
9950599	T13	GENE-Y	1420	1442	cytochrome oxidase III
9950599	T14	GENE-Y	841	905	nicotinamide adenine dinucleotide (NADH) dehydrogenase subunit 4
9950599	T15	GENE-Y	910	922	cytochrome b
9950599	T16	GENE-Y	976	1002	glutamine cyclotransferase
9950599	T17	GENE-Y	1030	1064	cytokine-inducible nuclear protein
9950599	T18	GENE-Y	1066	1095	alternative splicing factor 2
23432095	T1	CHEMICAL	329	337	androgen
23432095	T2	CHEMICAL	361	369	androgen
23432095	T3	CHEMICAL	418	426	androgen
23432095	T4	CHEMICAL	514	523	androgens
23432095	T5	CHEMICAL	648	670	5α-dihydrotestosterone
23432095	T6	CHEMICAL	672	684	Indomethacin
23432095	T7	CHEMICAL	849	861	indomethacin
23432095	T8	CHEMICAL	1108	1120	testosterone
23432095	T9	CHEMICAL	1165	1172	NADP(+)
23432095	T10	CHEMICAL	1173	1199	2'-des-methyl-indomethacin
23432095	T11	CHEMICAL	36	48	indomethacin
23432095	T12	CHEMICAL	96	114	17β-hydroxysteroid
23432095	T13	GENE-Y	361	378	androgen receptor
23432095	T14	GENE-Y	441	447	AKR1C3
23432095	T15	GENE-Y	536	542	AKR1C3
23432095	T16	GENE-Y	579	585	AKR1C3
23432095	T17	GENE-Y	616	622	AKR1C1
23432095	T18	GENE-Y	623	629	AKR1C2
23432095	T19	GENE-N	702	716	cyclooxygenase
23432095	T20	GENE-Y	732	738	AKR1C3
23432095	T21	GENE-Y	769	775	AKR1C1
23432095	T22	GENE-Y	776	782	AKR1C2
23432095	T23	GENE-N	895	909	cyclooxygenase
23432095	T24	GENE-Y	941	947	AKR1C3
23432095	T25	GENE-Y	1013	1019	AKR1C3
23432095	T26	GENE-Y	1081	1087	AKR1C1
23432095	T27	GENE-Y	1088	1094	AKR1C2
23432095	T28	GENE-Y	1140	1146	AKR1C3
23432095	T29	GENE-Y	1158	1164	AKR1C3
23432095	T30	GENE-Y	129	153	prostaglandin F synthase
23432095	T31	GENE-Y	81	87	AKR1C3
23432095	T32	GENE-Y	89	128	Type 5 17β-hydroxysteroid dehydrogenase
23611835	T1	CHEMICAL	91	99	SB225002
23611835	T2	CHEMICAL	937	948	vinblastine
23611835	T3	CHEMICAL	993	1001	SB265610
23611835	T4	CHEMICAL	1042	1050	SB225002
23611835	T5	CHEMICAL	50	58	SB225002
23611835	T6	GENE-Y	1158	1172	P-glycoprotein
23611835	T7	GENE-Y	1441	1444	BAK
23611835	T8	GENE-N	1522	1525	p38
23611835	T9	GENE-N	1526	1530	MAPK
23611835	T10	GENE-N	1615	1618	p38
23611835	T11	GENE-N	1619	1623	MAPK
23611835	T12	GENE-N	1679	1686	caspase
23611835	T13	GENE-Y	1911	1915	IL-8
23611835	T14	GENE-Y	111	126	IL-8 receptor B
23611835	T15	GENE-Y	391	394	p53
23611835	T16	GENE-Y	128	134	IL-8RB
23611835	T17	GENE-Y	620	625	BubR1
23611835	T18	GENE-Y	767	771	Bcl2
23611835	T19	GENE-Y	776	781	BclxL
23611835	T20	GENE-Y	965	974	β-tubulin
23611835	T21	GENE-Y	1065	1071	IL-8RB
23611835	T22	GENE-Y	189	193	IL-8
23147415	T1	CHEMICAL	1149	1158	donepezil
23147415	T2	CHEMICAL	1182	1195	physostigmine
23147415	T3	CHEMICAL	1282	1289	glucose
23147415	T4	CHEMICAL	1372	1381	donepezil
23147415	T5	CHEMICAL	788	795	choline
23147415	T6	CHEMICAL	843	850	choline
23147415	T7	CHEMICAL	963	971	BW284c51
23147415	T8	CHEMICAL	1042	1052	bambuterol
23147415	T9	GENE-Y	1134	1138	AChE
23147415	T10	GENE-Y	1511	1515	AChE
23147415	T11	GENE-Y	1516	1521	BuChE
23147415	T12	GENE-N	247	267	acetylcholinesterase
23147415	T13	GENE-N	269	273	AChE
23147415	T14	GENE-Y	367	371	AChE
23147415	T15	GENE-Y	515	519	AChE
23147415	T16	GENE-Y	577	581	AChE
23147415	T17	GENE-Y	674	678	AChE
23147415	T18	GENE-N	788	813	choline acetyltransferase
23147415	T19	GENE-Y	946	950	AChE
23147415	T20	GENE-Y	1000	1021	butyrylcholinesterase
23147415	T21	GENE-Y	1023	1028	BuChE
23147415	T22	GENE-Y	22	26	AChE
23147415	T23	GENE-Y	49	53	AChE
23147415	T24	GENE-Y	87	92	BuChE
23147415	T25	CHEMICAL	1211	1214	ACh
12477282	T1	CHEMICAL	1163	1166	GSH
12477282	T2	CHEMICAL	1167	1171	GSSG
12477282	T3	CHEMICAL	1327	1331	GSSG
12477282	T4	CHEMICAL	1440	1444	GSSG
12477282	T5	CHEMICAL	259	272	dinucleotides
12477282	T6	CHEMICAL	1711	1715	GSSG
12477282	T7	CHEMICAL	669	675	oxygen
12477282	T8	CHEMICAL	734	745	glutathione
12477282	T9	CHEMICAL	746	767	glutathione disulfide
12477282	T10	CHEMICAL	769	772	GSH
12477282	T11	CHEMICAL	773	777	GSSG
12477282	T12	CHEMICAL	943	946	GSH
12477282	T13	CHEMICAL	947	951	GSSG
12477282	T14	CHEMICAL	1053	1057	BCNU
12477282	T15	CHEMICAL	1069	1080	glutathione
12477282	T16	CHEMICAL	16	37	glutathione disulfide
12477282	T17	GENE-N	1202	1211	NF-kappaB
12477282	T18	GENE-Y	1260	1264	IL-6
12477282	T19	GENE-Y	1269	1278	TNF-alpha
12477282	T20	GENE-N	1521	1530	NF-kappaB
12477282	T21	GENE-N	448	457	NF-kappaB
12477282	T22	GENE-N	488	497	cytokines
12477282	T23	GENE-Y	507	520	interleukin-6
12477282	T24	GENE-Y	522	526	IL-6
12477282	T25	GENE-Y	532	559	tumor necrosis factor-alpha
12477282	T26	GENE-Y	561	570	TNF-alpha
12477282	T27	GENE-Y	1069	1090	glutathione reductase
12477282	T28	GENE-Y	1092	1094	GR
12477282	T29	GENE-N	47	56	NF-kappaB
6645495	T1	CHEMICAL	1106	1124	3-keto-desogestrel
6645495	T2	CHEMICAL	1197	1209	progesterone
6645495	T3	CHEMICAL	1261	1279	3-keto-desogestrel
6645495	T4	CHEMICAL	1345	1359	levonorgestrel
6645495	T5	CHEMICAL	1380	1394	norethisterone
6645495	T6	CHEMICAL	1399	1426	medroxyprogesterone acetate
6645495	T7	CHEMICAL	1428	1431	MPA
6645495	T8	CHEMICAL	1478	1490	progestagens
6645495	T9	CHEMICAL	1579	1588	molybdate
6645495	T10	CHEMICAL	1654	1666	progestagens
6645495	T11	CHEMICAL	1722	1734	progestagens
6645495	T12	CHEMICAL	228	240	progesterone
6645495	T13	CHEMICAL	1762	1775	norethinodrel
6645495	T14	CHEMICAL	1836	1845	oestrogen
6645495	T15	CHEMICAL	242	250	androgen
6645495	T16	CHEMICAL	255	264	oestrogen
6645495	T17	CHEMICAL	2006	2018	progestagens
6645495	T18	CHEMICAL	2076	2085	molybdate
6645495	T19	CHEMICAL	310	322	progestagens
6645495	T20	CHEMICAL	331	343	progesterone
6645495	T21	CHEMICAL	417	429	progesterone
6645495	T22	CHEMICAL	511	523	progesterone
6645495	T23	CHEMICAL	601	619	3-keto-desogestrel
6645495	T24	CHEMICAL	645	656	desogestrel
6645495	T25	CHEMICAL	666	678	progesterone
6645495	T26	CHEMICAL	728	742	levonorgestrel
6645495	T27	CHEMICAL	747	755	Org 2058
6645495	T28	CHEMICAL	777	805	medroxy-progesterone acetate
6645495	T29	CHEMICAL	133	145	progestagens
6645495	T30	CHEMICAL	807	810	MPA
6645495	T31	CHEMICAL	831	845	norethisterone
6645495	T32	CHEMICAL	866	878	progesterone
6645495	T33	CHEMICAL	883	902	cyproterone acetate
6645495	T34	CHEMICAL	976	985	molybdate
6645495	T35	CHEMICAL	1022	1040	3-keto-desogestrel
6645495	T36	CHEMICAL	1045	1053	Org 2058
6645495	T37	CHEMICAL	11	23	progestagens
6645495	T38	GENE-Y	1197	1218	progesterone receptor
6645495	T39	GENE-Y	1288	1305	androgen receptor
6645495	T40	GENE-N	228	274	progesterone, androgen and oestrogen receptors
6645495	T41	GENE-Y	1836	1854	oestrogen receptor
6645495	T42	GENE-Y	331	353	progesterone receptors
6645495	T43	GENE-Y	417	439	progesterone receptors
6645495	T44	GENE-Y	511	532	progesterone receptor
6645495	T45	GENE-Y	666	687	progesterone receptor
17251447	T1	CHEMICAL	1123	1131	retinoid
17251447	T2	CHEMICAL	1260	1274	11-cis retinal
17251447	T3	CHEMICAL	1300	1308	retinoid
17251447	T4	CHEMICAL	1323	1337	retinyl esters
17251447	T5	CHEMICAL	1369	1377	retinoid
17251447	T6	CHEMICAL	226	235	vitamin A
17251447	T7	CHEMICAL	1618	1632	11-cis retinal
17251447	T8	CHEMICAL	247	261	11-cis retinal
17251447	T9	CHEMICAL	299	313	11-cis retinal
17251447	T10	CHEMICAL	361	368	leucine
17251447	T11	CHEMICAL	537	545	retinoid
17251447	T12	CHEMICAL	820	828	retinoid
17251447	T13	CHEMICAL	966	979	retinaldehyde
17251447	T14	CHEMICAL	1065	1073	retinoid
17251447	T15	GENE-Y	1098	1101	Nrl
17251447	T16	GENE-Y	1202	1207	RPE65
17251447	T17	GENE-Y	1211	1214	Nrl
17251447	T18	GENE-N	1224	1227	Rho
17251447	T19	GENE-N	209	219	cone opsin
17251447	T20	GENE-Y	1405	1410	RPE65
17251447	T21	GENE-Y	1435	1438	Nrl
17251447	T22	GENE-Y	1516	1521	RPE65
17251447	T23	GENE-Y	347	375	neural retina leucine zipper
17251447	T24	GENE-Y	387	390	Nrl
17251447	T25	GENE-N	401	410	rod opsin
17251447	T26	GENE-N	412	415	Rho
17251447	T27	GENE-Y	604	641	retinal pigment epithelial protein 65
17251447	T28	GENE-Y	643	648	Rpe65
17251447	T29	GENE-Y	691	696	RPE65
17251447	T30	GENE-Y	904	907	Nrl
17251447	T31	GENE-Y	947	952	RPE65
17251447	T32	GENE-Y	957	995	cellular retinaldehyde-binding protein
17251447	T33	GENE-Y	997	1003	CRALBP
17251447	T34	GENE-Y	0	5	RPE65
17251447	T35	GENE-N	44	58	photoreceptors
17251447	T36	GENE-Y	62	65	NRL
23188391	T1	CHEMICAL	183	190	glucose
23188391	T2	CHEMICAL	252	259	glucose
23188391	T3	CHEMICAL	92	99	glucose
23188391	T4	CHEMICAL	967	974	glucose
23188391	T5	GENE-N	1169	1177	incretin
23188391	T6	GENE-Y	199	206	insulin
23188391	T7	GENE-Y	64	87	glucagon-like peptide-1
23188391	T8	GENE-N	313	321	incretin
23188391	T9	GENE-N	396	405	incretins
23188391	T10	GENE-N	46	63	incretin hormones
23188391	T11	GENE-N	486	504	incretin receptors
23188391	T12	GENE-Y	92	132	glucose-dependent insulinotropic peptide
23188391	T13	GENE-N	694	711	incretin receptor
23188391	T14	GENE-Y	741	748	insulin
23188391	T15	GENE-Y	888	910	dipeptidyl peptidase-4
23188391	T16	GENE-Y	926	949	glucagon-like peptide-1
23188391	T17	GENE-N	21	29	incretin
23576111	T1	CHEMICAL	820	831	glutathione
23576111	T2	CHEMICAL	870	880	superoxide
23576111	T3	GENE-N	1234	1237	SOD
23576111	T4	GENE-Y	1288	1291	CAT
23576111	T5	GENE-N	820	842	glutathione peroxidase
23576111	T6	GENE-N	844	847	GPx
23576111	T7	GENE-Y	850	858	catalase
23576111	T8	GENE-Y	860	863	CAT
23576111	T9	GENE-N	870	890	superoxide dismutase
23576111	T10	GENE-N	892	895	SOD
23576111	T11	GENE-N	1037	1040	GPx
23613080	T1	CHEMICAL	289	292	FTO
23613080	T2	CHEMICAL	222	225	NiO
23613080	T3	CHEMICAL	721	724	NiO
23613080	T4	CHEMICAL	761	764	WO3
23613080	T5	CHEMICAL	13	16	NiO
23103450	T1	CHEMICAL	164	169	ether
23103450	T2	CHEMICAL	1231	1240	As(2)O(3)
23103450	T3	CHEMICAL	1255	1262	Matrine
23103450	T4	CHEMICAL	1267	1277	oxymatrine
23103450	T5	CHEMICAL	1341	1350	As(2)O(3)
23103450	T6	CHEMICAL	1598	1605	matrine
23103450	T7	CHEMICAL	1610	1620	oxymatrine
23103450	T8	CHEMICAL	1662	1671	potassium
23103450	T9	CHEMICAL	565	581	Arsenic trioxide
23103450	T10	CHEMICAL	583	592	As(2)O(3)
23103450	T11	CHEMICAL	890	899	As(2)O(3)
23103450	T12	CHEMICAL	1001	1008	matrine
23103450	T13	CHEMICAL	248	257	potassium
23103450	T14	CHEMICAL	1115	1122	matrine
23103450	T15	CHEMICAL	1126	1136	oxymatrine
23103450	T16	CHEMICAL	0	16	Arsenic trioxide
23103450	T17	CHEMICAL	30	34	K(+)
23103450	T18	CHEMICAL	72	79	matrine
23103450	T19	CHEMICAL	84	94	oxymatrine
23103450	T20	GENE-Y	1165	1169	hERG
23103450	T21	GENE-Y	1194	1198	hERG
23103450	T22	GENE-Y	267	270	IKr
23103450	T23	GENE-Y	1439	1443	hERG
23103450	T24	GENE-Y	1513	1537	transcription factor Sp1
23103450	T25	GENE-Y	1576	1580	hERG
23103450	T26	GENE-N	1662	1679	potassium channel
23103450	T27	GENE-Y	1703	1707	hERG
23103450	T28	GENE-Y	1742	1746	hERG
23103450	T29	GENE-Y	329	333	hERG
23103450	T30	GENE-Y	449	453	hERG
23103450	T31	GENE-Y	496	500	hERG
23103450	T32	GENE-Y	192	196	hERG
23103450	T33	GENE-Y	540	544	hERG
23103450	T34	GENE-Y	158	190	human ether-a-go-go-related gene
23103450	T35	GENE-Y	693	697	hERG
23103450	T36	GENE-Y	210	265	rapidly activating, delayed rectifier potassium channel
23103450	T37	GENE-Y	731	735	hERG
23103450	T38	GENE-Y	956	960	hERG
23103450	T39	GENE-Y	980	984	hERG
23103450	T40	GENE-Y	1034	1038	hERG
23103450	T41	GENE-Y	1060	1064	hERG
23103450	T42	GENE-Y	117	141	transcription factor Sp1
23103450	T43	GENE-Y	25	29	hERG
23103450	T44	GENE-N	30	42	K(+) channel
17124432	T1	CHEMICAL	97	111	Norepinephrine
17124432	T2	CHEMICAL	217	219	NE
17124432	T3	CHEMICAL	325	327	NE
17124432	T4	CHEMICAL	357	367	nucleotide
17124432	T5	CHEMICAL	852	854	NE
17124432	T6	CHEMICAL	163	177	norepinephrine
17124432	T7	CHEMICAL	179	181	NE
17124432	T8	CHEMICAL	0	14	Norepinephrine
17124432	T9	GENE-Y	97	123	Norepinephrine transporter
17124432	T10	GENE-N	1613	1619	G1287A
17124432	T11	GENE-Y	1640	1643	NET
17124432	T12	GENE-Y	325	339	NE transporter
17124432	T13	GENE-N	350	356	G1287A
17124432	T14	GENE-Y	398	401	NET
17124432	T15	GENE-Y	125	128	NET
17124432	T16	GENE-N	736	741	NET-8
17124432	T17	GENE-Y	1001	1004	NET
17124432	T18	GENE-Y	0	26	Norepinephrine transporter
17124432	T19	GENE-Y	33	36	NET
19428322	T1	CHEMICAL	220	223	AMP
19428322	T2	CHEMICAL	455	473	phosphatidylserine
19428322	T3	CHEMICAL	835	845	acetyl CoA
19428322	T4	CHEMICAL	875	884	metformin
19428322	T5	CHEMICAL	889	894	AICAR
19428322	T6	CHEMICAL	0	3	AMP
19428322	T7	GENE-N	220	248	AMP-activated protein kinase
19428322	T8	GENE-N	1212	1216	AMPK
19428322	T9	GENE-N	250	254	AMPK
19428322	T10	GENE-N	435	442	caspase
19428322	T11	GENE-N	655	660	Bcl-2
19428322	T12	GENE-N	699	702	Bax
19428322	T13	GENE-N	739	743	AMPK
19428322	T14	GENE-N	835	857	acetyl CoA carboxylase
19428322	T15	GENE-N	859	863	AMPK
19428322	T16	GENE-Y	1035	1045	human AMPK
19428322	T17	GENE-N	0	28	AMP-activated protein kinase
19428322	T18	CHEMICAL	108	118	compound C
19428322	T19	CHEMICAL	150	160	compound C
19428322	T20	CHEMICAL	332	342	Compound C
19428322	T21	CHEMICAL	560	570	compound C
19428322	T22	CHEMICAL	717	727	Compound C
19428322	T23	CHEMICAL	976	986	compound C
19428322	T24	CHEMICAL	1055	1065	compound C
19428322	T25	CHEMICAL	1264	1274	compound C
23562072	T1	CHEMICAL	411	422	cholesterol
23562072	T2	CHEMICAL	8	19	cholesterol
23562072	T3	GENE-Y	319	324	ABCA1
23562072	T4	GENE-N	350	366	liver X receptor
23562072	T5	GENE-N	371	377	miR-33
23110812	T1	CHEMICAL	1147	1151	EDTA
23110812	T2	GENE-Y	2874	2879	GAPDH
23110812	T3	GENE-Y	2981	2986	c-fos
23110812	T4	GENE-Y	2988	2993	IL-1β
23110812	T5	GENE-Y	2995	2999	IL-8
23110812	T6	GENE-Y	3005	3010	GAPDH
23620436	T1	CHEMICAL	1194	1197	MNU
23620436	T2	CHEMICAL	1200	1212	testosterone
23620436	T3	CHEMICAL	1471	1474	MNU
23620436	T4	CHEMICAL	598	601	MNU
23620436	T5	CHEMICAL	627	639	testosterone
23620436	T6	CHEMICAL	1057	1060	MNU
23620436	T7	GENE-N	1379	1381	AR
23620436	T8	GENE-N	1383	1387	PCNA
23620436	T9	GENE-N	1393	1397	MGMT
23620436	T10	GENE-Y	1618	1628	E-cadherin
23620436	T11	GENE-N	1639	1643	MGMT
23620436	T12	GENE-N	738	740	AR
23620436	T13	GENE-N	742	746	PCNA
23620436	T14	GENE-N	748	769	smooth muscle α-actin
23620436	T15	GENE-N	771	774	p63
23620436	T16	GENE-N	776	780	MGMT
23620436	T17	GENE-Y	786	796	E-cadherin
10403635	T1	CHEMICAL	1162	1175	Physostigmine
10403635	T2	CHEMICAL	1199	1208	carbamate
10403635	T3	CHEMICAL	1212	1217	sarin
10403635	T4	CHEMICAL	1253	1266	physostigmine
10403635	T5	CHEMICAL	1271	1285	pyridostigmine
10403635	T6	CHEMICAL	1328	1340	Eptastigmine
10403635	T7	CHEMICAL	1377	1382	sarin
10403635	T8	CHEMICAL	1425	1438	physostigmine
10403635	T9	CHEMICAL	1506	1511	sarin
10403635	T10	CHEMICAL	1548	1561	physostigmine
10403635	T11	CHEMICAL	1599	1604	sarin
10403635	T12	CHEMICAL	1734	1747	physostigmine
10403635	T13	CHEMICAL	1777	1782	sarin
10403635	T14	CHEMICAL	1840	1854	ephysostigmine
10403635	T15	CHEMICAL	2029	2042	physostigmine
10403635	T16	CHEMICAL	311	324	acetylcholine
10403635	T17	CHEMICAL	2086	2091	sarin
10403635	T18	CHEMICAL	2115	2127	eptastigmine
10403635	T19	CHEMICAL	2167	2172	sarin
10403635	T20	CHEMICAL	140	156	organophosphorus
10403635	T21	CHEMICAL	393	407	pyridostigmine
10403635	T22	CHEMICAL	409	422	physostigmine
10403635	T23	CHEMICAL	424	436	eptastigmine
10403635	T24	CHEMICAL	445	460	organophosphate
10403635	T25	CHEMICAL	501	506	sarin
10403635	T26	CHEMICAL	591	596	sarin
10403635	T27	CHEMICAL	688	702	pyridostigmine
10403635	T28	CHEMICAL	729	742	physostigmine
10403635	T29	CHEMICAL	773	786	physostigmine
10403635	T30	CHEMICAL	798	810	eptastigmine
10403635	T31	CHEMICAL	938	943	sarin
10403635	T32	CHEMICAL	945	958	Physostigmine
10403635	T33	CHEMICAL	1060	1065	sarin
10403635	T34	CHEMICAL	1099	1104	sarin
10403635	T35	CHEMICAL	11	25	pyridostigmine
10403635	T36	CHEMICAL	27	40	physostigmine
10403635	T37	CHEMICAL	42	54	eptastigmine
10403635	T38	CHEMICAL	98	103	sarin
10403635	T39	GENE-N	1142	1160	phosphotriesterase
10403635	T40	GENE-N	226	246	acetylcholinesterase
10403635	T41	GENE-N	1402	1420	phosphotriesterase
10403635	T42	GENE-N	248	252	AChE
10403635	T43	GENE-Y	1470	1474	AChE
10403635	T44	GENE-N	1525	1543	phosphotriesterase
10403635	T45	GENE-Y	1671	1675	AChE
10403635	T46	GENE-N	1715	1733	phosphotriesterase
10403635	T47	GENE-N	1821	1839	phosphotriesterase
10403635	T48	GENE-N	2006	2024	phosphotriesterase
10403635	T49	GENE-N	445	470	organophosphate hydrolase
10403635	T50	GENE-N	472	490	phosphotriesterase
10403635	T51	GENE-N	839	857	phosphotriesterase
10403635	T52	GENE-N	986	1004	phosphotriesterase
10403635	T53	GENE-N	1006	1024	Phosphotriesterase
10403635	T54	GENE-N	59	77	phosphotriesterase
10403635	T55	CHEMICAL	158	160	OP
23562076	T1	CHEMICAL	937	944	glucose
23562076	T2	GENE-N	1169	1176	insulin
23562076	T3	GENE-N	275	307	immune cell transcription factor
23562076	T4	GENE-Y	308	313	T-bet
23562076	T5	GENE-N	428	435	insulin
23562076	T6	GENE-Y	489	494	T-bet
23562076	T7	GENE-N	615	623	cytokine
23562076	T8	GENE-N	181	188	insulin
23562076	T9	GENE-Y	730	735	T-bet
23562076	T10	GENE-Y	764	769	T-bet
23562076	T11	GENE-Y	812	817	T-bet
23562076	T12	GENE-Y	823	827	Rag2
23562076	T13	GENE-Y	854	859	T-bet
23562076	T14	GENE-Y	987	992	T-bet
23562076	T15	GENE-Y	1041	1045	Rag2
23562076	T16	GENE-N	1065	1072	insulin
23562076	T17	GENE-Y	1116	1121	T-bet
23562076	T18	GENE-Y	125	130	T-bet
23562076	T19	GENE-N	9	16	Insulin
23562076	T20	GENE-N	92	124	Immune Cell Transcription Factor
6706930	T1	CHEMICAL	199	203	H2O2
6706930	T2	CHEMICAL	1175	1177	I-
6706930	T3	CHEMICAL	1460	1466	iodide
6706930	T4	CHEMICAL	236	242	iodide
6706930	T5	CHEMICAL	1743	1747	H2O2
6706930	T6	CHEMICAL	1795	1797	O2
6706930	T7	CHEMICAL	1851	1857	iodine
6706930	T8	CHEMICAL	1892	1900	tyrosine
6706930	T9	CHEMICAL	1915	1927	thioureylene
6706930	T10	CHEMICAL	1952	1954	I-
6706930	T11	CHEMICAL	2046	2050	H2O2
6706930	T12	CHEMICAL	2064	2070	iodine
6706930	T13	CHEMICAL	515	519	H2O2
6706930	T14	CHEMICAL	560	566	iodide
6706930	T15	CHEMICAL	612	618	iodide
6706930	T16	CHEMICAL	813	819	iodine
6706930	T17	CHEMICAL	837	845	tyrosine
6706930	T18	CHEMICAL	854	866	pseudohalide
6706930	T19	CHEMICAL	868	872	SCN-
6706930	T20	CHEMICAL	892	894	I-
6706930	T21	CHEMICAL	965	977	thioureylene
6706930	T22	CHEMICAL	985	996	methimazole
6706930	T23	CHEMICAL	1001	1012	carbimazole
6706930	T24	CHEMICAL	1021	1027	iodide
6706930	T25	CHEMICAL	13	19	iodide
6706930	T26	GENE-Y	1108	1126	thyroid peroxidase
6706930	T27	GENE-Y	1214	1232	thyroid peroxidase
6706930	T28	GENE-Y	1237	1252	lactoperoxidase
6706930	T29	GENE-N	1306	1316	peroxidase
6706930	T30	GENE-Y	1499	1517	thyroid peroxidase
6706930	T31	GENE-Y	1522	1537	lactoperoxidase
6706930	T32	GENE-N	1557	1568	peroxidases
6706930	T33	GENE-N	1587	1589	EO
6706930	T34	GENE-N	1614	1616	EO
6706930	T35	GENE-Y	1753	1761	catalase
6706930	T36	GENE-Y	302	320	thyroid peroxidase
6706930	T37	GENE-Y	324	339	lactoperoxidase
6706930	T38	GENE-Y	436	444	catalase
6706930	T39	GENE-N	131	141	peroxidase
6706930	T40	GENE-Y	52	70	thyroid peroxidase
6706930	T41	GENE-Y	75	90	lactoperoxidase
6706930	T42	CHEMICAL	1652	1662	hypoiodite
6706930	T43	CHEMICAL	1694	1697	EOI
6706930	T44	CHEMICAL	1608	1610	I-
23402744	T1	CHEMICAL	1190	1196	PCB180
23402744	T2	CHEMICAL	1323	1328	PCB74
23402744	T3	CHEMICAL	1332	1337	PCB95
23402744	T4	CHEMICAL	1428	1433	PCB74
23402744	T5	CHEMICAL	1438	1443	PCB95
23402744	T6	CHEMICAL	1532	1541	saccharin
23402744	T7	CHEMICAL	1889	1894	PCB52
23402744	T8	CHEMICAL	1924	1930	PCB180
23402744	T9	CHEMICAL	1999	2008	saccharin
23402744	T10	CHEMICAL	2121	2126	PCB74
23402744	T11	CHEMICAL	2164	2169	PCB95
23402744	T12	CHEMICAL	2180	2189	saccharin
23402744	T13	CHEMICAL	2348	2352	PCBs
23402744	T14	CHEMICAL	2619	2623	PCBs
23402744	T15	CHEMICAL	499	524	polychlorinated biphenyls
23402744	T16	CHEMICAL	526	530	PCBs
23402744	T17	CHEMICAL	813	819	dioxin
23402744	T18	CHEMICAL	832	838	dioxin
23402744	T19	CHEMICAL	850	854	PCBs
23402744	T20	CHEMICAL	887	894	steroid
23402744	T21	CHEMICAL	992	996	PCBs
23402744	T22	CHEMICAL	1126	1131	PCB52
23402744	T23	CHEMICAL	117	123	dioxin
23402744	T24	CHEMICAL	129	133	PCBs
23402744	T25	GENE-Y	2459	2470	Ah receptor
23402744	T26	GENE-Y	733	742	aromatase
23402744	T27	GENE-Y	1008	1019	Ah receptor
15967876	T1	CHEMICAL	1129	1131	K+
15967876	T2	CHEMICAL	1198	1201	Cs+
15967876	T3	CHEMICAL	1265	1267	K+
15967876	T4	CHEMICAL	1404	1413	cisapride
15967876	T5	CHEMICAL	1474	1477	Phe
15967876	T6	CHEMICAL	283	292	potassium
15967876	T7	CHEMICAL	893	902	cisapride
15967876	T8	CHEMICAL	996	998	K+
15967876	T9	CHEMICAL	1002	1005	Cs+
15967876	T10	CHEMICAL	1101	1110	cisapride
15967876	T11	CHEMICAL	14	16	K+
15967876	T12	CHEMICAL	83	92	cisapride
15967876	T13	GENE-Y	1124	1128	HERG
15967876	T14	GENE-Y	1184	1188	HERG
15967876	T15	GENE-Y	1260	1264	HERG
15967876	T16	GENE-Y	1323	1327	HERG
15967876	T17	GENE-N	1337	1342	F656V
15967876	T18	GENE-N	1347	1352	F656M
15967876	T19	GENE-Y	1423	1427	HERG
15967876	T20	GENE-Y	243	300	human Ether-a-go-go-related gene (HERG) potassium channel
15967876	T21	GENE-Y	419	423	HERG
15967876	T22	GENE-Y	554	558	HERG
15967876	T23	GENE-Y	697	701	HERG
15967876	T24	GENE-Y	807	811	HERG
15967876	T25	GENE-Y	912	916	HERG
15967876	T26	GENE-Y	932	936	HERG
15967876	T27	GENE-Y	96	100	HERG
15967876	T28	CHEMICAL	1165	1174	cisapride
15967876	T29	CHEMICAL	1237	1246	cisapride
23063069	T1	CHEMICAL	1130	1133	PCB
23063069	T2	CHEMICAL	1138	1141	DDT
23063069	T3	CHEMICAL	708	738	polybrominated diphenyl ethers
23063069	T4	CHEMICAL	740	745	PBDEs
23063069	T5	CHEMICAL	748	773	polychlorinated biphenyls
23063069	T6	CHEMICAL	775	779	PCBs
23063069	T7	CHEMICAL	785	816	dichlorodiphenyltrichloroethane
23063069	T8	CHEMICAL	1003	1008	PBDEs
23063069	T9	GENE-Y	1604	1609	HNF4A
23063069	T10	GENE-Y	1611	1618	insulin
23063069	T11	GENE-N	1620	1622	LH
23063069	T12	GENE-N	1624	1627	FSH
23063069	T13	GENE-N	1632	1637	NF-κB
23063069	T14	CHEMICAL	830	834	DDTs
23103563	T1	CHEMICAL	1205	1220	bisphosphonates
23103563	T2	CHEMICAL	1313	1316	CpG
23103563	T3	CHEMICAL	1454	1462	farnesyl
23103563	T4	CHEMICAL	139	159	aminobisphosphonates
23103563	T5	CHEMICAL	529	540	ibandronate
23103563	T6	CHEMICAL	165	176	ibandronate
23103563	T7	CHEMICAL	703	714	Ibandronate
23103563	T8	CHEMICAL	1032	1060	geranylgeranyl-pyrophosphate
23103563	T9	CHEMICAL	1065	1086	farnesylpyrophosphate
23103563	T10	CHEMICAL	1101	1112	ibandronate
23103563	T11	CHEMICAL	0	11	Ibandronate
23103563	T12	GENE-Y	1128	1131	FAS
23103563	T13	GENE-Y	1136	1141	DNMT1
23103563	T14	GENE-N	1261	1268	GTPases
23103563	T15	GENE-N	1313	1316	CpG
23103563	T16	GENE-Y	1350	1353	FAS
23103563	T17	GENE-N	1454	1474	farnesyl-transferase
23103563	T18	GENE-N	297	304	GTPases
23103563	T19	GENE-N	364	374	RAS-GTPase
23103563	T20	GENE-Y	472	475	FAS
23103563	T21	GENE-Y	510	515	DNMT1
23103563	T22	GENE-N	821	829	caspases
23103563	T23	GENE-Y	884	887	FAS
23103563	T24	GENE-Y	978	983	DNMT1
23103563	T25	GENE-Y	63	66	FAS
23044094	T1	CHEMICAL	1121	1133	benzophenone
23044094	T2	CHEMICAL	1135	1205	4-ter-butyl-4-methoxy-dibenzoylmethane, 2-ethylexyl-p-methoxycinnamate
23044094	T3	CHEMICAL	1207	1217	ketoprofen
23044094	T4	CHEMICAL	1219	1234	6-methylcumarin
23044094	T5	CHEMICAL	1270	1289	4-aminobenzoic acid
23044094	T6	CHEMICAL	1291	1305	chlorpromazine
23044094	T7	CHEMICAL	1307	1319	promethazine
23044094	T8	CHEMICAL	1338	1346	acridine
23044094	T9	CHEMICAL	1348	1357	ibuprofen
23044094	T10	CHEMICAL	1359	1376	8-methoxypsoralen
23044094	T11	CHEMICAL	1378	1391	retinoic acid
23044094	T12	CHEMICAL	1418	1429	lactic acid
23044094	T13	CHEMICAL	1431	1434	SDS
23044094	T14	CHEMICAL	1439	1456	p-phenilendiamine
23044094	T15	CHEMICAL	1544	1547	MTT
23044094	T16	CHEMICAL	905	920	chloropromazine
23044094	T17	GENE-N	1557	1560	LDH
23044094	T18	GENE-Y	1620	1625	IL-18
23044094	T19	GENE-Y	1821	1826	IL-18
23044094	T20	GENE-Y	527	541	interleukin-18
23044094	T21	GENE-Y	543	548	IL-18
23044094	T22	GENE-Y	883	888	IL-18
23044094	T23	GENE-Y	72	77	IL-18
14766200	T1	CHEMICAL	46	62	Dimethylarginine
14766200	T2	CHEMICAL	149	159	citrulline
14766200	T3	CHEMICAL	164	175	methylamine
14766200	T4	CHEMICAL	201	213	nitric oxide
14766200	T5	CHEMICAL	215	217	NO
14766200	T6	CHEMICAL	884	896	nitric oxide
14766200	T7	GENE-N	46	87	Dimethylarginine dimethylaminohydrolase 1
14766200	T8	GENE-N	1065	1070	DDAH1
14766200	T9	GENE-Y	248	259	chick DDAH1
14766200	T10	GENE-Y	316	321	DDAH1
14766200	T11	GENE-Y	448	453	DDAH1
14766200	T12	GENE-N	89	94	DDAH1
14766200	T13	GENE-Y	571	576	DDAH1
14766200	T14	GENE-N	805	810	DDAH1
14766200	T15	GENE-Y	877	905	neural nitric oxide synthase
14766200	T16	GENE-Y	907	911	nNOS
14766200	T17	GENE-Y	958	963	DDAH1
14766200	T18	GENE-Y	1015	1019	nNOS
14766200	T19	GENE-N	14	19	DDAH1
14766200	T20	CHEMICAL	126	145	methylated arginine
10998082	T1	CHEMICAL	1175	1184	triflusal
10998082	T2	CHEMICAL	1211	1213	NO
10998082	T3	CHEMICAL	1271	1283	nitric oxide
10998082	T4	CHEMICAL	1459	1469	L-arginine
10998082	T5	CHEMICAL	1482	1514	NG-nitro-L-arginine methyl ester
10998082	T6	CHEMICAL	1516	1522	L-NAME
10998082	T7	CHEMICAL	1531	1533	NO
10998082	T8	CHEMICAL	1545	1610	2-(4-carboxyphenyl)-4,4,5,5 tetramethylimidazoline 1-oxyl 3-oxide
10998082	T9	CHEMICAL	1612	1618	C-PTIO
10998082	T10	CHEMICAL	1789	1791	NO
10998082	T11	CHEMICAL	1803	1805	NO
10998082	T12	CHEMICAL	1818	1838	sodium nitroprusside
10998082	T13	CHEMICAL	1871	1874	ADP
10998082	T14	CHEMICAL	2026	2028	NO
10998082	T15	CHEMICAL	2111	2120	triflusal
10998082	T16	CHEMICAL	2132	2134	NO
10998082	T17	CHEMICAL	344	353	triflusal
10998082	T18	CHEMICAL	2202	2211	triflusal
10998082	T19	CHEMICAL	2280	2283	ADP
10998082	T20	CHEMICAL	357	374	4-trifluoromethyl
10998082	T21	CHEMICAL	2358	2360	NO
10998082	T22	CHEMICAL	2421	2424	ADP
10998082	T23	CHEMICAL	389	399	salicylate
10998082	T24	CHEMICAL	453	467	thromboxane A2
10998082	T25	CHEMICAL	503	515	nitric oxide
10998082	T26	CHEMICAL	517	519	NO
10998082	T27	CHEMICAL	643	652	triflusal
10998082	T28	CHEMICAL	710	712	NO
10998082	T29	CHEMICAL	741	743	NO
10998082	T30	CHEMICAL	789	792	ADP
10998082	T31	CHEMICAL	938	947	triflusal
10998082	T32	CHEMICAL	2	19	4-trifluoromethyl
10998082	T33	CHEMICAL	34	44	salicylate
10998082	T34	CHEMICAL	46	55	triflusal
10998082	T35	CHEMICAL	68	80	nitric oxide
10998082	T36	GENE-Y	1259	1292	endothelial nitric oxide synthase
10998082	T37	GENE-Y	1294	1298	eNOS
10998082	T38	GENE-Y	1642	1652	P-selectin
10998082	T39	GENE-Y	2034	2044	P-selectin
10998082	T40	GENE-Y	2150	2154	eNOS
10998082	T41	GENE-Y	2396	2406	P-selectin
10998082	T42	GENE-Y	1035	1045	P-selectin
